sensor_type,timestamp,sensor_0,sensor_1,sensor_2,estimate_x,estimate_y,estimate_vx,estimate_vy,ground_truth_x,ground_truth_y,ground_truth_vx,ground_truth_vy,rmse_x,rmse_y,rmse_vx,rmse_vy
0,1477010443000000,0.312243,0.58034,,0.312243,0.58034,0,0,0.6,0.6,5.19994,0,0.287757,0.0196602,5.19994,0
1,1477010443050000,1.01489,0.554329,4.89281,0.753232,0.651088,7.33776,-4.79465e-17,0.859997,0.600045,5.19975,0.00179686,0.217029,0.0386779,3.97558,0.00127057
0,1477010443100000,1.17385,0.481073,,1.15323,0.504448,7.17226,-1.59138,1.11998,0.600225,5.19943,0.00538996,0.17824,0.0636791,3.44008,0.921899
1,1477010443150000,1.04751,0.38924,4.51132,1.25704,0.542352,7.30915,0.149321,1.37996,0.600629,5.19898,0.0107781,0.166145,0.0623724,3.16051,0.801387
0,1477010443200000,1.65063,0.62469,,1.62301,0.580938,7.2872,0.629059,1.6399,0.601347,5.19839,0.0179597,0.148796,0.0565293,2.97719,0.767115
1,1477010443250000,1.6983,0.29828,5.20999,1.85507,0.5635,5.86691,0.0398223,1.89982,0.60247,5.19766,0.0269323,0.137055,0.0540007,2.73149,0.700297
0,1477010443300000,2.18882,0.648739,,2.16068,0.587444,5.86042,0.133547,2.1597,0.604086,5.19678,0.0376932,0.126889,0.050389,2.54128,0.649361
1,1477010443350000,2.04438,0.276002,5.04387,2.37498,0.641766,5.33834,0.40405,2.41954,0.606284,5.19573,0.0502389,0.119735,0.0487754,2.37769,0.620168
0,1477010443400000,2.65526,0.66598,,2.64333,0.662069,5.34403,0.390862,2.67932,0.609155,5.1945,0.0645654,0.113522,0.0492525,2.24226,0.59473
1,1477010443450000,2.99092,0.217668,5.19181,2.91045,0.658098,5.34983,0.203831,2.93904,0.612786,5.19309,0.080668,0.108076,0.0488728,2.12777,0.565553
0,1477010443500000,3.01222,0.637046,,3.14056,0.66018,5.29708,0.164089,3.19869,0.617267,5.19147,0.0985415,0.104526,0.0483614,2.029,0.539596
1,1477010443550000,3.59388,0.135452,5.16175,3.43026,0.554515,5.35541,-0.685243,3.45825,0.622685,5.18963,0.11818,0.100402,0.0503109,1.94321,0.566296
0,1477010443600000,3.89365,0.311793,,3.73629,0.441456,5.3332,-1.40051,3.71772,0.62913,5.18754,0.139576,0.0966004,0.0710341,1.86741,0.691718
1,1477010443650000,4.25555,0.16484,5.43333,4.01447,0.52339,5.50082,-0.669479,3.97708,0.636689,5.18519,0.162724,0.0936213,0.0748487,1.80146,0.702685
0,1477010443700000,4.30935,0.578564,,4.28939,0.519023,5.47795,-0.608145,4.23632,0.645449,5.18256,0.187614,0.0914786,0.0793373,1.74204,0.70927
1,1477010443750000,4.67026,0.14818,5.12085,4.54487,0.567607,5.28515,-0.287013,4.49542,0.655498,5.17962,0.214238,0.0894324,0.0798987,1.68693,0.698087
0,1477010443800000,4.35143,0.899174,,4.71773,0.688476,5.01136,0.308088,4.75437,0.666921,5.17634,0.242587,0.0872163,0.0776892,1.63705,0.67743
1,1477010443850000,5.25142,0.127163,4.82591,4.97146,0.683001,4.92876,0.23517,5.01315,0.679804,5.1727,0.272649,0.0853268,0.0755041,1.59197,0.658403
0,1477010443900000,5.51894,0.648233,,5.27092,0.672564,5.0442,0.145861,5.27175,0.694234,5.16867,0.304413,0.0830512,0.0736583,1.54977,0.641874
1,1477010443950000,5.26729,0.121683,5.42351,5.53155,0.678186,5.30433,0.153205,5.53013,0.710295,5.16422,0.337868,0.0809489,0.0721514,1.51086,0.626983
0,1477010444000000,6.022,0.708619,,5.83455,0.689407,5.38288,0.160201,5.78828,0.728072,5.15932,0.372999,0.0796407,0.0709162,1.47525,0.613632
1,1477010444050000,5.90575,0.0633,4.87968,6.07561,0.614846,5.07647,-0.140295,6.04618,0.747647,5.15393,0.409793,0.0780623,0.0748475,1.44143,0.610887
0,1477010444100000,6.34249,0.948833,,6.32526,0.727644,5.05639,0.250456,6.30379,0.769103,5.14803,0.448233,0.0764775,0.073711,1.40987,0.598881
1,1477010444150000,6.67392,0.125614,5.00687,6.57579,0.760295,5.02759,0.326176,6.5611,0.792523,5.14157,0.488305,0.0749272,0.0724582,1.38039,0.587205
0,1477010444200000,6.78214,0.714036,,6.81995,0.755751,5.0168,0.274715,6.81808,0.817988,5.13452,0.52999,0.0734143,0.0720772,1.3527,0.577602
1,1477010444250000,7.31844,0.0862923,4.64911,7.06262,0.739333,4.79815,0.180635,7.07469,0.845578,5.12685,0.573269,0.0720276,0.0736849,1.328,0.571595
0,1477010444300000,7.13735,0.957217,,7.2705,0.822771,4.72248,0.406299,7.3309,0.875373,5.11851,0.618123,0.0716307,0.0730127,1.3054,0.56239
1,1477010444350000,8.12494,0.101047,5.46424,7.57147,0.834896,5.24377,0.429518,7.58668,0.907449,5.10946,0.664531,0.0703988,0.0729964,1.28213,0.554039
0,1477010444400000,7.80533,0.719126,,7.83056,0.809682,5.2421,0.298679,7.84199,0.941886,5.09966,0.712469,0.0692069,0.0758117,1.26011,0.549799
1,1477010444450000,8.45095,0.104862,4.75054,8.079,0.8275,4.93601,0.296459,8.0968,0.978759,5.08907,0.761915,0.0681212,0.0794889,1.23924,0.547197
0,1477010444500000,8.24796,0.840322,,8.31209,0.843052,4.90824,0.307307,8.35106,1.01814,5.07766,0.812843,0.067378,0.0842827,1.21947,0.545902
1,1477010444550000,8.57549,0.165312,5.5806,8.5848,0.938295,5.32596,0.593822,8.60472,1.06011,5.06537,0.865226,0.0664103,0.0857047,1.20115,0.539443
0,1477010444600000,8.74615,1.04858,,8.83103,0.999216,5.2743,0.718217,8.85775,1.10473,5.05216,0.919037,0.0655616,0.0863718,1.18344,0.532356
1,1477010444650000,9.94666,0.115056,5.2408,9.1237,1.04208,5.26516,0.763758,9.1101,1.15208,5.03798,0.974245,0.0646323,0.0871584,1.16656,0.525709
0,1477010444700000,9.25579,1.04913,,9.36465,1.07218,5.21661,0.772985,9.36172,1.20223,5.0228,1.03082,0.0637042,0.0886722,1.15024,0.519974
1,1477010444750000,10.216,0.14981,5.31165,9.64553,1.15418,5.25762,0.939396,9.61255,1.25524,5.00656,1.08873,0.0630533,0.0890396,1.13492,0.513305
0,1477010444800000,10.0484,1.44598,,9.92563,1.28978,5.26061,1.25262,9.86254,1.31118,4.98922,1.14794,0.063054,0.0878985,1.12037,0.506614
1,1477010444850000,10.6781,0.162309,4.80661,10.1703,1.38922,4.886,1.35283,10.1117,1.37011,4.97074,1.20841,0.0629419,0.0867896,1.10561,0.500452
0,1477010444900000,10.2492,1.45907,,10.3854,1.46305,4.80699,1.43064,10.3598,1.4321,4.95106,1.2701,0.0622646,0.0858129,1.09159,0.494663
1,1477010444950000,11.0406,0.154906,4.56401,10.6155,1.54838,4.55304,1.47783,10.6069,1.49721,4.93014,1.33298,0.0614964,0.0851189,1.07951,0.488977
0,1477010445000000,10.7313,1.45265,,10.8277,1.56327,4.51181,1.37824,10.853,1.56549,4.90794,1.39701,0.0608697,0.0840751,1.06806,0.482986
1,1477010445050000,11.5668,0.123838,5.14205,11.0986,1.61852,4.84591,1.4597,11.0979,1.637,4.8844,1.46213,0.0601408,0.0831171,1.05528,0.477202
0,1477010445100000,11.587,1.61462,,11.3844,1.65644,4.92807,1.40536,11.3416,1.71179,4.85948,1.52832,0.0597942,0.0825776,1.04299,0.471993
1,1477010445150000,11.5791,0.133321,4.86948,11.614,1.71057,4.78679,1.37748,11.584,1.78992,4.83313,1.59551,0.0592832,0.0825058,1.03109,0.467755
0,1477010445200000,11.7788,1.74591,,11.8407,1.76961,4.75153,1.38941,11.8251,1.87144,4.80531,1.66366,0.0586669,0.0829842,1.0196,0.464331
1,1477010445250000,12.3248,0.175289,5.27755,12.0991,1.86816,4.98337,1.56808,12.0647,1.95639,4.77598,1.73273,0.0582462,0.0831018,1.00892,0.459898
0,1477010445300000,12.3226,1.78353,,12.3485,1.88502,4.98308,1.42548,12.3029,2.04482,4.74508,1.80265,0.058006,0.0854533,0.998737,0.458293
1,1477010445350000,12.6709,0.140728,5.31674,12.6056,1.94598,5.09901,1.45064,12.5394,2.13677,4.71257,1.87338,0.0581882,0.0889294,0.989852,0.457581
0,1477010445400000,12.5924,2.17509,,12.8076,2.09057,4.96364,1.70124,12.7743,2.23227,4.67842,1.94485,0.0577866,0.090315,0.980546,0.454222
1,1477010445450000,13.4856,0.198883,5.44642,13.0757,2.21225,5.12727,1.90191,13.0075,2.33137,4.64258,2.01701,0.0580144,0.0909803,0.973108,0.449952
0,1477010445500000,13.0875,2.40708,,13.2843,2.35799,4.99044,2.10728,13.2388,2.43409,4.605,2.08981,0.057796,0.090712,0.965031,0.445525
1,1477010445550000,13.0871,0.241065,4.51275,13.454,2.51194,4.42021,2.16833,13.4682,2.54047,4.56565,2.16317,0.0572711,0.0899226,0.95592,0.441221
0,1477010445600000,13.836,2.62479,,13.7017,2.61623,4.44357,2.22965,13.6955,2.65053,4.52448,2.23703,0.0567345,0.0891947,0.946924,0.43704
1,1477010445650000,14.0988,0.19551,4.80612,13.921,2.73074,4.43294,2.31684,13.9208,2.7643,4.48147,2.31134,0.0562067,0.0884829,0.938138,0.432975
0,1477010445700000,14.2106,2.94205,,14.149,2.88232,4.40049,2.48718,14.1439,2.88179,4.43656,2.38601,0.0556977,0.0876748,0.929583,0.429238
1,1477010445750000,14.8371,0.194676,5.23337,14.4002,3.00482,4.65195,2.65487,14.3646,3.00303,4.38974,2.46099,0.0554027,0.0868888,0.921912,0.426176
0,1477010445800000,14.4616,2.90734,,14.612,3.05465,4.59363,2.47369,14.583,3.12802,4.34097,2.5362,0.055049,0.0866699,0.914402,0.422503
1,1477010445850000,15.2004,0.263587,5.15707,14.8412,3.22715,4.63773,2.71852,14.7989,3.25679,4.29021,2.61157,0.0548547,0.0860075,0.907633,0.41908
0,1477010445900000,15.0261,3.5067,,15.0557,3.42438,4.5385,2.96659,15.0122,3.38932,4.23744,2.68703,0.054682,0.0853976,0.900761,0.417104
1,1477010445950000,15.9183,0.263598,4.66589,15.2627,3.60169,4.24563,3.02451,15.2228,3.52563,4.18263,2.76249,0.0544687,0.0852503,0.893261,0.414995
0,1477010446000000,15.5236,3.82936,,15.4776,3.7822,4.18464,3.18695,15.4306,3.66572,4.12575,2.83789,0.0543542,0.085854,0.885941,0.413998
1,1477010446050000,16.089,0.213597,4.78562,15.6878,3.91619,4.14245,3.19198,15.6355,3.80957,4.06678,2.91315,0.0543214,0.0862286,0.878819,0.41217
0,1477010446100000,15.9774,4.00094,,15.9124,4.04151,4.13421,3.16399,15.8375,3.95719,4.00571,2.98817,0.0547094,0.0861986,0.871967,0.409485
1,1477010446150000,16.8729,0.252565,4.40994,16.1087,4.19546,3.89824,3.1159,16.0363,4.10854,3.94251,3.0629,0.0550308,0.0862099,0.865146,0.406328
0,1477010446200000,16.3313,4.44499,,16.3012,4.38825,3.82917,3.28726,16.2319,4.26363,3.87716,3.13723,0.055279,0.0869295,0.858486,0.403619
1,1477010446250000,17.3477,0.261345,4.72541,16.513,4.55496,3.90359,3.42471,16.4242,4.42242,3.80966,3.21109,0.0559374,0.0877974,0.852035,0.401412
0,1477010446300000,16.6039,4.67344,,16.6904,4.71247,3.81418,3.45018,16.613,4.5849,3.74,3.28438,0.0563188,0.0885226,0.845702,0.39892
1,1477010446350000,17.6757,0.292764,3.91006,16.8464,4.88356,3.39054,3.29433,16.7983,4.75103,3.66817,3.35704,0.056207,0.089327,0.840135,0.396049
0,1477010446400000,16.9955,5.21099,,16.9996,5.11534,3.27006,3.5441,16.9799,4.92077,3.59416,3.42897,0.0558481,0.0917189,0.834937,0.393413
1,1477010446450000,17.9537,0.261769,4.23232,17.1749,5.26976,3.28513,3.59338,17.1579,5.09409,3.51797,3.50008,0.0554851,0.0934509,0.829419,0.390751
0,1477010446500000,17.2894,5.43542,,17.3286,5.44801,3.19408,3.65246,17.3319,5.27094,3.4396,3.57028,0.0550943,0.0951403,0.824072,0.388112
1,1477010446550000,18.2733,0.262734,4.05972,17.4907,5.59584,3.12879,3.60399,17.5019,5.45128,3.35907,3.63949,0.0547265,0.096001,0.81878,0.385431
0,1477010446600000,17.7853,5.62476,,17.6814,5.70696,3.15179,3.46317,17.6679,5.63506,3.27637,3.70762,0.0543734,0.0957119,0.813283,0.383849
1,1477010446650000,18.9222,0.326645,3.86213,17.8328,5.88388,3.01347,3.46063,17.8297,5.82221,3.19151,3.77458,0.054006,0.0953329,0.808034,0.38299
0,1477010446700000,18.1263,6.16985,,18.0003,6.0915,2.98064,3.60769,17.9872,6.01269,3.10453,3.84027,0.0536662,0.0951315,0.802757,0.381375
1,1477010446750000,19.3547,0.35846,4.07937,18.1546,6.29586,2.97502,3.77654,18.1402,6.20641,3.01542,3.90462,0.0533374,0.0950589,0.797471,0.379142
0,1477010446800000,18.2164,6.66138,,18.2711,6.5611,2.80228,4.04667,18.2888,6.40332,2.92421,3.96753,0.0530282,0.0961361,0.792398,0.37678
1,1477010446850000,19.6966,0.364545,3.87628,18.4048,6.77293,2.67298,4.1006,18.4328,6.60333,2.83093,4.0289,0.0527823,0.0974291,0.787505,0.374445
0,1477010446900000,18.5422,6.76013,,18.5546,6.89203,2.66413,3.90193,18.572,6.80638,2.7356,4.08867,0.0524835,0.0972889,0.782546,0.37266
1,1477010446950000,20.1556,0.367622,4.11203,18.7055,7.10308,2.73637,4.11124,18.7064,7.01237,2.63825,4.14672,0.0521546,0.0972095,0.777717,0.370345
0,1477010447000000,19.1441,7.18344,,18.9109,7.23331,2.84163,3.92648,18.8359,7.22122,2.53893,4.20299,0.0524968,0.0966169,0.773633,0.369332
1,1477010447050000,19.9701,0.379671,3.50583,19.0057,7.41061,2.51717,3.71776,18.9604,7.43283,2.43767,4.25737,0.0524151,0.0960573,0.768952,0.371878
0,1477010447100000,19.0138,7.8688,,19.0825,7.71358,2.31192,4.08202,19.0798,7.64712,2.3345,4.3098,0.0520993,0.0957552,0.764309,0.370476
1,1477010447150000,20.7779,0.37828,3.78648,19.2076,7.91456,2.31393,4.18504,19.1939,7.86397,2.22949,4.36017,0.0518099,0.0953434,0.759802,0.36876
0,1477010447200000,19.132,8.12845,,19.282,8.14322,2.14206,4.28227,19.3028,8.08329,2.12266,4.40842,0.0515535,0.0950035,0.755322,0.366839
1,1477010447250000,20.7048,0.405728,3.77514,19.381,8.35459,2.11558,4.4073,19.4062,8.30497,2.01409,4.45445,0.0513247,0.094601,0.750998,0.364736
0,1477010447300000,19.347,8.30741,,19.4812,8.48383,2.06917,4.17934,19.5042,8.5289,1.90381,4.49819,0.0510887,0.0941797,0.74688,0.364241
1,1477010447350000,21.3856,0.401578,3.38244,19.5784,8.67823,1.95126,4.11264,19.5966,8.75494,1.7919,4.53956,0.0508348,0.0939994,0.742818,0.365014
0,1477010447400000,20.0039,8.8906,,19.7409,8.85479,2.02538,4.05629,19.6835,8.983,1.67841,4.57848,0.0509144,0.0944527,0.739548,0.367154
1,1477010447450000,21.7806,0.450652,3.22397,19.8221,9.06103,1.84986,3.98748,19.7645,9.21294,1.56341,4.61488,0.0509936,0.0952816,0.736048,0.37105
0,1477010447500000,20.1574,9.45949,,19.9437,9.31301,1.82365,4.16299,19.8398,9.44463,1.44697,4.64869,0.0518679,0.0957559,0.733057,0.372502
1,1477010447550000,21.9129,0.461931,2.96707,19.9987,9.51354,1.57399,3.99759,19.9093,9.67795,1.32916,4.67984,0.0524219,0.0967643,0.729509,0.377238
0,1477010447600000,20.1573,9.90876,,20.0726,9.77957,1.45643,4.2116,19.9728,9.91275,1.21005,4.70826,0.0531567,0.0972285,0.726026,0.378723
1,1477010447650000,22.3983,0.541745,3.37282,20.1314,10.0423,1.388,4.52118,20.0303,10.1489,1.08972,4.73389,0.0538924,0.0973335,0.722808,0.377341
0,1477010447700000,20.166,10.4687,,20.1696,10.3477,1.16573,4.77815,20.0818,10.3863,0.968259,4.75666,0.0543606,0.0969007,0.71928,0.375356
1,1477010447750000,22.4479,0.502078,2.77693,20.1842,10.5833,0.877747,4.6446,20.1271,10.6247,0.845742,4.77652,0.0543903,0.0964873,0.715531,0.373639
0,1477010447800000,20.371,11.0109,,20.2346,10.8735,0.724821,4.83461,20.1663,10.864,0.722256,4.7934,0.0545516,0.0959935,0.711833,0.371731
1,1477010447850000,23.0204,0.565755,3.01803,20.2546,11.1531,0.571715,5.05418,20.1993,11.1041,0.597892,4.80727,0.0545585,0.0956303,0.708197,0.37067
0,1477010447900000,20.3164,11.3483,,20.2943,11.3791,0.489091,4.98707,20.2261,11.3449,0.472738,4.81807,0.0547125,0.0952083,0.704613,0.369184
1,1477010447950000,22.776,0.567455,2.08835,20.2405,11.6229,0.0747604,4.697,20.2466,11.5861,0.346889,4.82575,0.0544417,0.0948026,0.701609,0.367559
0,1477010448000000,20.6141,11.9422,,20.317,11.8422,0.0967324,4.63972,20.2608,11.8275,0.220439,4.83027,0.0544592,0.0943434,0.698236,0.366226
1,1477010448050000,23.2786,0.540021,3.0094,20.3375,12.0908,0.110761,5.00672,20.2687,12.0692,0.093487,4.83159,0.0546183,0.0939043,0.694807,0.364839
0,1477010448100000,20.3263,12.4966,,20.3157,12.4016,-0.122832,5.19207,20.2701,12.3108,-0.0338694,4.82968,0.0545374,0.0938749,0.691481,0.364815
1,1477010448150000,23.5919,0.557529,1.9646,20.2639,12.6372,-0.423866,4.89717,20.2652,12.5522,-0.161529,4.82451,0.0542747,0.0937933,0.688629,0.363127
0,1477010448200000,20.498,12.8924,,20.3006,12.8505,-0.414088,4.77743,20.254,12.7933,-0.28939,4.81605,0.0542067,0.0935122,0.68545,0.361413
1,1477010448250000,24.2413,0.530035,2.16265,20.2971,13.0697,-0.484363,4.72292,20.2363,13.0339,-0.417348,4.80428,0.0542728,0.0931352,0.68224,0.359791
0,1477010448300000,20.1943,13.1688,,20.2687,13.2642,-0.582516,4.58797,20.2122,13.2738,-0.545298,4.78918,0.054294,0.0927036,0.679054,0.358634
1,1477010448350000,24.0255,0.59787,2.13842,20.2317,13.4994,-0.6989,4.6874,20.1818,13.5129,-0.673135,4.77072,0.0542552,0.0922825,0.675908,0.35706
0,1477010448400000,20.3245,13.8896,,20.2046,13.7728,-0.831696,4.78045,20.1449,13.7509,-0.800753,4.74892,0.0543079,0.0918821,0.672807,0.355431
1,1477010448450000,24.4284,0.587035,1.74881,20.1546,13.9906,-0.969458,4.63109,20.1017,13.9878,-0.928043,4.72374,0.0542951,0.0914638,0.669753,0.353922
0,1477010448500000,20.1216,14.337,,20.0908,14.2607,-1.1592,4.71995,20.0521,14.2233,-1.0549,4.69521,0.0541751,0.0911202,0.666803,0.352332
1,1477010448550000,24.3813,0.632018,1.7308,20.0183,14.4909,-1.30617,4.69921,19.9962,14.4573,-1.18121,4.66331,0.0539734,0.090768,0.663924,0.350772
0,1477010448600000,19.781,14.773,,19.8974,14.7663,-1.60133,4.79391,19.934,14.6897,-1.30687,4.62805,0.0538438,0.0906523,0.66156,0.349565
1,1477010448650000,24.5168,0.60859,1.71283,19.8324,14.982,-1.64412,4.76785,19.8655,14.9202,-1.43177,4.58944,0.0536966,0.0904395,0.658953,0.348429
0,1477010448700000,20.0208,15.2053,,19.8232,15.1732,-1.5513,4.55916,19.7908,15.1486,-1.55581,4.54751,0.0535482,0.0900746,0.656081,0.346913
1,1477010448750000,25.2206,0.654048,0.480334,19.7103,15.3542,-1.74533,4.02375,19.7099,15.3749,-1.67887,4.50226,0.0533169,0.0897061,0.653277,0.34826
0,1477010448800000,19.9131,15.554,,19.701,15.5091,-1.65121,3.80449,19.6229,15.5989,-1.80085,4.45372,0.0535778,0.0897067,0.650626,0.351924
1,1477010448850000,25.0031,0.647734,1.13996,19.6298,15.6882,-1.71538,3.7809,19.5298,15.8203,-1.92164,4.40193,0.0541384,0.0901494,0.648141,0.355063
0,1477010448900000,19.4748,16.0098,,19.5019,15.9327,-1.96892,3.90735,19.4307,16.039,-2.04114,4.3469,0.0543038,0.0902978,0.645446,0.355856
1,1477010448950000,24.9602,0.695945,1.21175,19.4091,16.1335,-2.04164,3.98151,19.3257,16.2549,-2.15925,4.28868,0.0546103,0.0906016,0.642841,0.355478
0,1477010449000000,19.238,16.2719,,19.2942,16.3204,-2.15879,3.90081,19.2148,16.4679,-2.27586,4.22731,0.0548613,0.0912176,0.640267,0.355248
1,1477010449050000,25.3368,0.698647,0.722698,19.1862,16.5056,-2.25219,3.7986,19.0981,16.6777,-2.39087,4.16284,0.055215,0.0921685,0.637762,0.355323
0,1477010449100000,19.0029,16.8387,,19.0281,16.7541,-2.52284,3.92079,18.9757,16.8841,-2.50418,4.0953,0.0551928,0.0925389,0.635166,0.354225
1,1477010449150000,25.8559,0.754598,-0.0612346,18.8661,16.9485,-2.78032,3.67842,18.8477,17.0872,-2.61571,4.02476,0.0549944,0.0930026,0.632772,0.354162
0,1477010449200000,18.6148,17.3832,,18.6504,17.2318,-3.21519,3.87344,18.7142,17.2866,-2.72534,3.95127,0.0550704,0.0927592,0.631757,0.352811
1,1477010449250000,25.3807,0.735616,1.06382,18.5606,17.4318,-3.00318,3.93421,18.5752,17.4822,-2.83299,3.87489,0.0548668,0.0924995,0.629428,0.351448
0,1477010449300000,18.1023,17.5529,,18.3257,17.6503,-3.34199,3.95637,18.4309,17.674,-2.93858,3.79568,0.0554416,0.0921587,0.627966,0.350352
1,1477010449350000,25.2941,0.763391,0.672333,18.1794,17.8529,-3.33456,3.97181,18.2814,17.8617,-3.042,3.71372,0.0559553,0.0918014,0.626043,0.349726
0,1477010449400000,18.2094,18.0461,,18.0737,18.0163,-3.23062,3.76903,18.1268,18.0453,-3.14318,3.62906,0.0559335,0.0914806,0.623659,0.348586
1,1477010449450000,25.3208,0.762942,-0.0928738,17.9028,18.1607,-3.32863,3.49724,17.9671,18.2246,-3.24204,3.5418,0.0560027,0.0913003,0.621302,0.347264
0,1477010449500000,17.9018,18.2183,,17.8072,18.2694,-3.16117,3.20479,17.8026,18.3994,-3.3385,3.45199,0.05579,0.0916582,0.61912,0.34661
1,1477010449550000,26.1624,0.765956,0.152289,17.691,18.4333,-3.1192,3.1259,17.6334,18.5697,-3.43247,3.35973,0.0558041,0.0920792,0.617373,0.345894
0,1477010449600000,17.3845,18.7039,,17.4652,18.6481,-3.4335,3.24565,17.4595,18.7353,-3.5239,3.26509,0.0555962,0.0920434,0.615097,0.344595
1,1477010449650000,25.368,0.793358,-0.253429,17.2937,18.7787,-3.50246,3.04923,17.281,18.8962,-3.61271,3.16817,0.0553991,0.0922594,0.612872,0.34346
0,1477010449700000,17.1762,18.8863,,17.1437,18.9061,-3.48421,2.88607,17.0983,19.0521,-3.69883,3.06904,0.0553317,0.0927722,0.610877,0.342548
1,1477010449750000,26.0053,0.861368,-0.164065,16.978,19.0749,-3.54242,2.86866,16.9113,19.203,-3.78221,2.9678,0.0554244,0.0930805,0.608974,0.341392
0,1477010449800000,16.5734,19.052,,16.7482,19.2031,-3.73824,2.77443,16.7201,19.3488,-3.86278,2.86455,0.0552738,0.0935719,0.606841,0.340231
1,1477010449850000,25.889,0.896317,-0.530322,16.5491,19.3636,-3.88716,2.72964,16.5251,19.4894,-3.9405,2.75938,0.0551111,0.0938451,0.604655,0.339006
0,1477010449900000,16.2338,19.6171,,16.2924,19.5518,-4.1821,2.78938,16.3262,19.6246,-4.01531,2.65237,0.0549872,0.0937111,0.602643,0.337984
1,1477010449950000,24.5786,0.838291,-0.8677,16.0719,19.6304,-4.26918,2.50372,16.1237,19.7545,-4.08716,2.54364,0.0549652,0.0939631,0.600683,0.336792
0,1477010450000000,15.9243,19.8703,,15.8625,19.7756,-4.34703,2.43177,15.9176,19.8789,-4.15602,2.43329,0.0549662,0.0940327,0.598766,0.335595
1,1477010450050000,25.1552,0.869372,-0.422421,15.6864,19.8929,-4.15692,2.33391,15.7082,19.9978,-4.22185,2.32141,0.054803,0.0941133,0.596678,0.334413
0,1477010450100000,15.4332,20.1836,,15.434,20.0636,-4.38866,2.38896,15.4956,20.111,-4.28461,2.2081,0.0548535,0.0938675,0.594652,0.333585
1,1477010450150000,25.7265,0.978244,-0.746329,15.2006,20.221,-4.50059,2.40163,15.2799,20.2185,-4.34427,2.09347,0.0550611,0.0935412,0.592727,0.333415
0,1477010450200000,15.2016,20.4385,,15.0427,20.3313,-4.35211,2.24541,15.0613,20.3203,-4.4008,1.97763,0.0548928,0.0932226,0.590693,0.333007
1,1477010450250000,24.8149,0.934393,-1.0454,14.8105,20.4129,-4.46114,2.0649,14.84,20.4162,-4.4542,1.86068,0.0547589,0.0929032,0.588667,0.332294
0,1477010450300000,14.6665,20.6088,,14.6021,20.5271,-4.47608,1.97979,14.6161,20.5063,-4.50443,1.74272,0.0545844,0.0926025,0.586666,0.331739
1,1477010450350000,25.1535,0.988122,-1.29602,14.3515,20.6226,-4.6735,1.85338,14.3897,20.5904,-4.55149,1.62386,0.0544902,0.0923269,0.584767,0.331154
0,1477010450400000,14.0521,20.5924,,14.1101,20.6907,-4.72109,1.68536,14.1611,20.6686,-4.59537,1.50421,0.0544678,0.0920344,0.582892,0.330374
1,1477010450450000,25.0236,0.985547,-1.50011,13.8636,20.7683,-4.84336,1.53629,13.9304,20.7408,-4.63606,1.38386,0.0545594,0.0917545,0.581193,0.329506
0,1477010450500000,13.4686,20.7253,,13.5789,20.8343,-5.00187,1.39775,13.6977,20.807,-4.67357,1.26294,0.0552314,0.0914773,0.579881,0.328597
1,1477010450550000,24.6656,0.975748,-2.00913,13.3208,20.8714,-5.16186,1.1417,13.4632,20.8671,-4.70789,1.14153,0.0562476,0.0911766,0.579142,0.327514
0,1477010450600000,13.1072,20.8294,,13.0931,20.8951,-5.07547,0.907108,13.2271,20.9211,-4.73904,1.01975,0.0570999,0.0909025,0.577887,0.326569
1,1477010450650000,24.9733,1.01073,-1.83426,12.8646,20.9544,-4.97484,0.797253,12.9895,20.969,-4.76702,0.897694,0.0577975,0.0906145,0.576251,0.325608
0,1477010450700000,12.8729,21.0592,,12.7068,20.9729,-4.71227,0.58319,12.7506,21.0108,-4.79186,0.775469,0.0577181,0.090373,0.574424,0.324923
1,1477010450750000,24.5425,1.08233,-2.03069,12.4473,21.0183,-4.81847,0.481971,12.5106,21.0465,-4.81358,0.653175,0.0577555,0.0901112,0.57258,0.32417
0,1477010450800000,12.2062,21.11,,12.1972,21.056,-4.87034,0.371438,12.2695,21.0761,-4.83219,0.530912,0.0578595,0.089838,0.570762,0.323386
1,1477010450850000,24.4724,1.04012,-2.24199,11.9648,21.0737,-4.8727,0.217827,12.0276,21.0996,-4.84773,0.408778,0.057892,0.089577,0.568957,0.322719
0,1477010450900000,11.6814,20.8651,,11.7328,21.0369,-4.81008,-0.0263125,11.785,21.117,-4.86022,0.286869,0.0578578,0.0895207,0.567178,0.32266
1,1477010450950000,23.6708,1.0622,-2.41489,11.4933,21.0202,-4.77461,-0.196821,11.5418,21.1283,-4.86971,0.165281,0.0578039,0.0896487,0.565453,0.322921
0,1477010451000000,11.363,21.0688,,11.2901,21.0082,-4.66259,-0.352977,11.2982,21.1335,-4.87623,0.0441057,0.0576276,0.0899136,0.563946,0.323434
1,1477010451050000,23.1085,1.09641,-2.60844,11.0391,20.9679,-4.68109,-0.53693,11.0544,21.1327,-4.87982,-0.076565,0.0574621,0.0905662,0.562419,0.324457
0,1477010451100000,10.8903,20.927,,10.8402,20.926,-4.55237,-0.71675,10.8105,21.1259,-4.88053,-0.196643,0.0573328,0.091635,0.56128,0.326015
1,1477010451150000,23.3261,1.16045,-2.31884,10.6051,20.9181,-4.32928,-0.705795,10.5666,21.1131,-4.8784,-0.31604,0.0572367,0.0926147,0.561207,0.326442
0,1477010451200000,10.189,21.209,,10.2758,20.9725,-4.67732,-0.622408,10.3229,21.0943,-4.87349,-0.434674,0.0571806,0.0928192,0.559712,0.325779
1,1477010451250000,23.5158,1.13252,-2.69781,10.0421,20.9505,-4.68824,-0.727739,10.0795,21.0697,-4.86585,-0.552463,0.0570819,0.0929999,0.558194,0.325081
0,1477010451300000,9.99634,20.9797,,9.87554,20.9063,-4.4647,-0.875246,9.83658,21.0391,-4.85554,-0.669327,0.0569906,0.0932893,0.557341,0.324498
1,1477010451350000,23.102,1.15259,-2.34951,9.66387,20.8861,-4.23651,-0.857504,9.59422,21.0028,-4.84262,-0.785189,0.0570742,0.0934455,0.557644,0.323579
0,1477010451400000,9.53921,20.8762,,9.48366,20.8399,-4.12223,-0.969349,9.35258,20.9607,-4.82714,-0.899977,0.0577915,0.0936309,0.55863,0.322664
1,1477010451450000,23.0793,1.14018,-2.84906,9.27997,20.7894,-4.20226,-1.12843,9.11177,20.9128,-4.80919,-1.01362,0.0590477,0.0938338,0.558926,0.321834
0,1477010451500000,8.70331,20.8221,,8.91587,20.7857,-4.64804,-1.08758,8.87192,20.8594,-4.78881,-1.12605,0.0589707,0.0937286,0.557393,0.320905
1,1477010451550000,22.3004,1.11349,-2.998,8.71472,20.7006,-4.5688,-1.29095,8.63315,20.8003,-4.76608,-1.2372,0.0591271,0.0937648,0.555974,0.319997
0,1477010451600000,8.22277,20.4839,,8.3941,20.6296,-4.82026,-1.38682,8.39557,20.7358,-4.74108,-1.34701,0.058956,0.0938414,0.554398,0.319085
1,1477010451650000,22.1131,1.1862,-3.20417,8.15662,20.5526,-4.8076,-1.52532,8.1593,20.6657,-4.71387,-1.45542,0.0587867,0.0939633,0.552848,0.318211
0,1477010451700000,7.88599,20.45,,7.90664,20.4728,-4.80411,-1.63482,7.92445,20.5903,-4.68453,-1.56237,0.058634,0.0941147,0.55134,0.317348
1,1477010451750000,22.2583,1.18911,-3.51245,7.68241,20.3904,-4.82641,-1.81656,7.69111,20.5096,-4.65313,-1.66781,0.0584708,0.094276,0.549927,0.316644
0,1477010451800000,7.18029,20.392,,7.32334,20.3406,-5.16949,-1.80721,7.45939,20.4237,-4.61975,-1.7717,0.0591954,0.0942165,0.549926,0.315759
1,1477010451850000,21.333,1.2319,-3.3258,7.06863,20.2522,-5.06457,-1.85418,7.22939,20.3326,-4.58448,-1.87399,0.0602461,0.0941445,0.549558,0.314875
0,1477010451900000,6.81542,20.1859,,6.81354,20.1636,-5.03956,-1.93939,7.00119,20.2364,-4.54738,-1.97462,0.0616931,0.0940387,0.549255,0.314005
1,1477010451950000,21.3,1.24122,-3.35883,6.57685,20.0755,-4.92122,-1.98384,6.7749,20.1352,-4.50854,-2.07357,0.0632676,0.0938826,0.54859,0.313203
0,1477010452000000,6.38914,20.0137,,6.35335,19.9776,-4.81734,-2.07343,6.55059,20.0292,-4.46805,-2.17079,0.0647735,0.0937013,0.547688,0.31242
1,1477010452050000,21.2882,1.2518,-3.50165,6.13305,19.8852,-4.75112,-2.16528,6.32834,19.9183,-4.42598,-2.26625,0.0661974,0.0934756,0.546713,0.311651
0,1477010452100000,5.86119,19.8306,,5.87709,19.7887,-4.77264,-2.23003,6.10823,19.8027,-4.38241,-2.35993,0.0681915,0.0932256,0.545979,0.310946
1,1477010452150000,20.2062,1.30633,-3.8691,5.61767,19.6492,-4.92049,-2.48977,5.89034,19.6824,-4.33744,-2.45178,0.0709146,0.0930043,0.546188,0.310113
0,1477010452200000,5.69089,19.5755,,5.5067,19.5098,-4.45065,-2.6145,5.67472,19.5577,-4.29114,-2.5418,0.0717935,0.0928193,0.544836,0.30932
1,1477010452250000,19.8966,1.26707,-3.80305,5.30853,19.3604,-4.32518,-2.7633,5.46145,19.4284,-4.24359,-2.62995,0.0724729,0.0927039,0.543402,0.308642
0,1477010452300000,5.17021,19.4397,,5.11223,19.2552,-4.21279,-2.79988,5.25059,19.2948,-4.19488,-2.71622,0.0729836,0.0925012,0.541949,0.307876
1,1477010452350000,20.175,1.27537,-3.51253,4.94979,19.1389,-3.90534,-2.73948,5.04219,19.157,-4.1451,-2.80059,0.0731005,0.0922644,0.540788,0.307089
0,1477010452400000,4.89149,18.982,,4.81401,18.9894,-3.66795,-2.84383,4.8363,19.015,-4.09432,-2.88305,0.0729249,0.0920388,0.540247,0.306289
1,1477010452450000,19.458,1.36444,-3.99074,4.59758,18.8392,-3.80365,-3.07471,4.63297,18.8689,-4.04263,-2.96359,0.072778,0.0918215,0.539102,0.305588
0,1477010452500000,4.4685,18.834,,4.42558,18.7072,-3.68237,-3.12471,4.43224,18.7188,-3.99012,-3.0422,0.0725888,0.0915846,0.53815,0.304845
1,1477010452550000,19.0503,1.32192,-3.6392,4.26808,18.5611,-3.43333,-3.07509,4.23416,18.5648,-3.93685,-3.11888,0.0724409,0.0913462,0.537975,0.304067
0,1477010452600000,4.26269,18.481,,4.16168,18.4111,-3.17535,-3.1407,4.03876,18.4071,-3.88293,-3.19362,0.0727927,0.0911097,0.538992,0.303302
1,1477010452650000,19.1444,1.39096,-4.53568,3.95904,18.2406,-3.47691,-3.59074,3.84606,18.2457,-3.82841,-3.26644,0.0730566,0.0908753,0.538193,0.303414
0,1477010452700000,3.45919,18.167,,3.64969,18.0945,-3.79405,-3.59296,3.65611,18.0807,-3.77339,-3.33732,0.0728704,0.0906474,0.536813,0.303188
1,1477010452750000,18.4355,1.33532,-3.74495,3.49853,17.947,-3.44367,-3.37161,3.46891,17.9122,-3.71795,-3.40627,0.0727151,0.09045,0.5358,0.302424
0,1477010452800000,3.12525,17.7493,,3.24535,17.7818,-3.62112,-3.43281,3.28449,17.7402,-3.66215,-3.47331,0.0725839,0.0902688,0.534446,0.301669
1,1477010452850000,18.0842,1.42336,-4.42054,3.04454,17.6,-3.74578,-3.69254,3.10287,17.565,-3.60609,-3.53844,0.0725189,0.0900748,0.533187,0.301106
0,1477010452900000,2.9449,17.8154,,2.87808,17.4803,-3.62856,-3.62928,2.92405,17.3866,-3.54982,-3.60167,0.0724099,0.0900931,0.531875,0.300355
1,1477010452950000,17.3991,1.38194,-4.60153,2.72014,17.2658,-3.60457,-3.95091,2.74805,17.2051,-3.49344,-3.66302,0.0722556,0.08997,0.530602,0.300294
0,1477010453000000,2.55407,17.0853,,2.54645,17.07,-3.50654,-4.02061,2.57486,17.0205,-3.437,-3.72251,0.0721035,0.0898137,0.529303,0.300283
1,1477010453050000,17.0798,1.42091,-3.82496,2.39285,16.9063,-3.17168,-3.69802,2.4045,16.833,-3.38059,-3.78014,0.0719295,0.0897391,0.528196,0.299594
0,1477010453100000,2.25371,16.8334,,2.2399,16.7393,-3.08927,-3.72234,2.23695,16.6427,-3.32428,-3.83595,0.0717524,0.089774,0.527152,0.298962
1,1477010453150000,16.1262,1.47283,-3.95475,2.06455,16.5402,-3.02626,-3.72037,2.07221,16.4497,-3.26812,-3.88995,0.0715783,0.0897776,0.526131,0.298464
0,1477010453200000,1.88972,16.1054,,1.91096,16.3126,-2.96448,-3.85774,1.91027,16.254,-3.21219,-3.94216,0.0714035,0.089652,0.525131,0.297794
1,1477010453250000,16.3618,1.46403,-4.00339,1.76646,16.1352,-2.84033,-3.79691,1.75112,16.0557,-3.15656,-3.99261,0.071238,0.0896058,0.524318,0.297383
0,1477010453300000,1.44745,16.0853,,1.54898,15.9724,-2.99399,-3.79938,1.59474,15.8549,-3.10129,-4.04132,0.0711369,0.0897615,0.523103,0.29714
1,1477010453350000,15.6357,1.46766,-4.66234,1.40752,15.7396,-3.05799,-4.21136,1.44111,15.6517,-3.04644,-4.08832,0.0710039,0.0897523,0.521845,0.296548
0,1477010453400000,1.18395,15.4284,,1.22796,15.5132,-3.06917,-4.29802,1.29021,15.4463,-2.99207,-4.13364,0.0709646,0.0896569,0.520622,0.296056
1,1477010453450000,15.5501,1.51746,-4.27372,1.06351,15.3221,-2.98231,-4.18185,1.14201,15.2386,-2.93825,-4.1773,0.0710023,0.0896288,0.51939,0.29535
0,1477010453500000,0.722706,15.0075,,0.835656,15.0982,-3.1652,-4.25903,0.996486,15.0288,-2.88503,-4.21933,0.071694,0.0895438,0.518517,0.294662
1,1477010453550000,15.2483,1.5031,-4.04402,0.698697,14.9199,-2.96724,-4.05505,0.853604,14.8169,-2.83246,-4.25977,0.0723116,0.0896122,0.517375,0.294302
0,1477010453600000,0.737301,14.7047,,0.630548,14.7138,-2.67949,-4.07867,0.71333,14.603,-2.78061,-4.29864,0.0723643,0.0897232,0.516206,0.293997
1,1477010453650000,14.2628,1.52014,-4.69806,0.504372,14.4704,-2.71007,-4.44495,0.575628,14.3872,-2.72952,-4.33598,0.0723592,0.089694,0.515,0.293404
0,1477010453700000,0.253435,14.2029,,0.321334,14.241,-2.78634,-4.51157,0.440459,14.1696,-2.67925,-4.37181,0.0726464,0.0896175,0.513853,0.292876
1,1477010453750000,13.9605,1.57315,-5.03236,0.167736,13.9867,-2.85855,-4.84777,0.307779,13.9502,-2.62984,-4.40617,0.0731018,0.0894443,0.512898,0.293738
0,1477010453800000,0.459172,13.6856,,0.210762,13.7342,-2.20092,-4.85796,0.177545,13.7292,-2.58135,-4.43909,0.072968,0.0892386,0.512366,0.294437
1,1477010453850000,13.6378,1.56695,-4.9909,0.0979034,13.4923,-2.12423,-4.95629,0.0497099,13.5065,-2.53381,-4.47061,0.0728736,0.089039,0.511942,0.295597
0,1477010453900000,-0.190344,13.2856,,-0.0829555,13.2508,-2.24794,-5.00527,-0.0757753,13.2823,-2.48728,-4.50075,0.0727086,0.0888609,0.511027,0.296885
1,1477010453950000,13.1485,1.59172,-4.45625,-0.198659,13.0363,-2.08469,-4.69717,-0.198962,13.0566,-2.44179,-4.52955,0.0725432,0.0886693,0.510433,0.296425
0,1477010454000000,0.0462308,12.9301,,-0.156682,12.8249,-1.58949,-4.63387,-0.319903,12.8295,-2.39739,-4.55704,0.0732069,0.088469,0.512168,0.295799
1,1477010454050000,12.3753,1.62616,-4.32808,-0.264816,12.5989,-1.52193,-4.50013,-0.438654,12.6011,-2.35412,-4.58326,0.0739678,0.0882696,0.514057,0.295184
0,1477010454100000,-0.476482,12.3633,,-0.393362,12.3711,-1.57382,-4.5509,-0.555273,12.3714,-2.31202,-4.60823,0.0745939,0.0880715,0.515279,0.294547
1,1477010454150000,12.5584,1.64828,-4.43193,-0.508708,12.1629,-1.58807,-4.52328,-0.669818,12.1404,-2.27111,-4.63198,0.0752017,0.0878876,0.516149,0.293978
0,1477010454200000,-0.582624,12.0386,,-0.583841,11.9539,-1.50075,-4.51516,-0.78235,11.9083,-2.23144,-4.65456,0.0761925,0.0877446,0.5173,0.293472
1,1477010454250000,11.7183,1.67918,-4.45955,-0.709687,11.7227,-1.57531,-4.57331,-0.892931,11.6751,-2.19304,-4.67598,0.0769947,0.0876075,0.517787,0.292901
0,1477010454300000,-1.17212,11.3988,,-0.937211,11.4733,-1.95153,-4.64497,-1.00163,11.4409,-2.15594,-4.69628,0.0769438,0.0874409,0.516823,0.292275
1,1477010454350000,10.9952,1.65196,-4.10274,-1.0279,11.2489,-1.84177,-4.45356,-1.1085,11.2057,-2.12017,-4.71549,0.0769602,0.0872959,0.516018,0.292149
0,1477010454400000,-1.39289,11.0424,,-1.22538,11.0234,-2.12458,-4.4903,-1.21362,10.9695,-2.08575,-4.73364,0.0767959,0.0871778,0.514897,0.291954
1,1477010454450000,10.9783,1.68939,-4.76211,-1.31677,10.7728,-2.13904,-4.85689,-1.31706,10.7324,-2.05273,-4.75075,0.0766288,0.0870288,0.513808,0.291402
0,1477010454500000,-1.49687,10.4198,,-1.4558,10.5093,-2.21665,-4.92325,-1.41889,10.4945,-2.02111,-4.76686,0.0765013,0.0868457,0.512856,0.290953
1,1477010454550000,10.147,1.72843,-4.75698,-1.56788,10.24,-2.22371,-5.10034,-1.51917,10.2559,-1.99093,-4.78198,0.0764032,0.0866646,0.511977,0.291077
0,1477010454600000,-1.61875,10.2374,,-1.64451,10.0317,-2.07182,-5.00496,-1.61797,10.0165,-1.96221,-4.79615,0.0762589,0.0864842,0.510928,0.290773
1,1477010454650000,10.0927,1.7297,-4.34381,-1.72914,9.80451,-1.9491,-4.85252,-1.71539,9.77637,-1.93498,-4.80939,0.0761011,0.0863188,0.509836,0.290165
0,1477010454700000,-1.73381,9.71347,,-1.78234,9.59342,-1.77459,-4.77976,-1.81147,9.53564,-1.90924,-4.82172,0.0759628,0.0862174,0.508826,0.28956
1,1477010454750000,9.64457,1.80859,-4.63944,-1.91944,9.33177,-1.92156,-5.02821,-1.90631,9.29431,-1.88502,-4.83316,0.0758065,0.086069,0.507752,0.289225
0,1477010454800000,-1.93833,8.77028,,-2.00089,9.02944,-1.84577,-5.1462,-1.99998,9.05243,-1.86233,-4.84374,0.0756464,0.0859002,0.506681,0.289282
1,1477010454850000,9.34188,1.78279,-4.20313,-2.07418,8.81312,-1.70784,-4.87317,-2.09256,8.81003,-1.8412,-4.85347,0.0754967,0.0857198,0.505689,0.288676
0,1477010454900000,-2.1768,8.5411,,-2.16735,8.56367,-1.69444,-4.90452,-2.18412,8.56717,-1.82164,-4.86238,0.0753464,0.0855406,0.504697,0.288084
1,1477010454950000,8.61525,1.88451,-4.31162,-2.31366,8.29971,-1.85435,-5.00096,-2.27474,8.32388,-1.80365,-4.87047,0.0752312,0.0853765,0.503656,0.287607
0,1477010455000000,-2.21875,8.15339,,-2.33104,8.08051,-1.5907,-4.90784,-2.3645,8.0802,-1.78726,-4.87778,0.0751059,0.0851991,0.502769,0.287016
1,1477010455050000,8.82103,1.83142,-4.16877,-2.36927,7.87947,-1.41817,-4.78531,-2.45348,7.83617,-1.77248,-4.8843,0.0751459,0.0850685,0.502246,0.286493
0,1477010455100000,-2.59674,7.60288,,-2.49757,7.62307,-1.54758,-4.87326,-2.54177,7.59184,-1.75931,-4.89006,0.0750447,0.0849169,0.501395,0.285905
1,1477010455150000,8.00597,1.96604,-3.62555,-2.66316,7.38353,-1.74322,-4.68675,-2.62944,7.34723,-1.74777,-4.89507,0.0749218,0.0847746,0.500367,0.28563
0,1477010455200000,-2.79865,7.064,,-2.77304,7.12998,-1.80771,-4.74556,-2.71658,7.10238,-1.73786,-4.89933,0.0748557,0.0846198,0.499365,0.285216
1,1477010455250000,7.73077,1.9406,-4.03438,-2.82347,6.90011,-1.6895,-4.89738,-2.80326,6.85734,-1.72958,-4.90286,0.0747145,0.0844916,0.498355,0.284636
0,1477010455300000,-2.74651,6.86867,,-2.83757,6.71116,-1.43382,-4.71905,-2.88957,6.61214,-1.72295,-4.90566,0.0746365,0.0845555,0.497686,0.284307
1,1477010455350000,6.86915,1.95532,-3.35666,-2.86364,6.50937,-1.24027,-4.40866,-2.97559,6.36681,-1.71797,-4.90774,0.0748243,0.084869,0.497607,0.285498
0,1477010455400000,-2.90217,6.22989,,-2.9229,6.27888,-1.20313,-4.44041,-3.0614,6.12139,-1.71464,-4.90911,0.075188,0.0852844,0.497663,0.286468
1,1477010455450000,7.04054,2.09136,-3.61806,-3.06415,6.01674,-1.42884,-4.70491,-3.14709,5.87592,-1.71297,-4.90976,0.0752206,0.0855784,0.496992,0.286188
0,1477010455500000,-3.1778,5.53101,,-3.1687,5.72575,-1.53019,-4.86525,-3.23274,5.63043,-1.71295,-4.9097,0.0751794,0.0856193,0.496135,0.285631
1,1477010455550000,6.09662,2.12286,-2.99148,-3.28151,5.4755,-1.62478,-4.7087,-3.31843,5.38496,-1.71458,-4.90893,0.0750661,0.0856394,0.495182,0.285343
0,1477010455600000,-3.43031,5.10507,,-3.39437,5.20524,-1.73922,-4.82194,-3.40424,5.13955,-1.71787,-4.90745,0.0749201,0.0855697,0.494204,0.284829
1,1477010455650000,6.01823,2.17684,-3.19097,-3.45868,4.95918,-1.66771,-4.93608,-3.49026,4.89422,-1.72281,-4.90525,0.0747988,0.0854983,0.493242,0.284274
0,1477010455700000,-3.69435,4.52196,,-3.60161,4.65458,-1.88197,-5.15382,-3.57657,4.64902,-1.72939,-4.90233,0.0746684,0.0853312,0.492367,0.284153
1,1477010455750000,5.45231,2.26901,-2.36296,-3.71146,4.3973,-1.95224,-5.01249,-3.66325,4.40398,-1.73763,-4.89868,0.0745833,0.0851654,0.491587,0.283687
0,1477010455800000,-4.00238,4.04684,,-3.86891,4.10472,-2.18311,-5.19024,-3.75039,4.15913,-1.74749,-4.8943,0.0748043,0.0850673,0.491382,0.283735
1,1477010455850000,5.78015,2.35065,-2.40935,-3.92935,3.87572,-1.99022,-5.17621,-3.83806,3.91452,-1.75899,-4.88918,0.0748753,0.0849366,0.49064,0.283748
0,1477010455900000,-3.88053,3.75177,,-3.98306,3.66627,-1.83125,-4.96085,-3.92635,3.67019,-1.77212,-4.8833,0.0748136,0.0847728,0.489706,0.283241
1,1477010455950000,5.75128,2.39906,-1.5502,-4.05818,3.49281,-1.7536,-4.62485,-4.01533,3.42616,-1.78686,-4.87666,0.0747169,0.0847106,0.488767,0.283127
0,1477010456000000,-4.15119,3.21968,,-4.1509,3.24958,-1.77994,-4.6687,-4.10509,3.18248,-1.8032,-4.86925,0.0746275,0.0846501,0.487832,0.282856
1,1477010456050000,5.15539,2.54841,-1.02706,-4.27454,2.98191,-1.92478,-4.77026,-4.19571,2.93919,-1.82113,-4.86104,0.0746439,0.0845296,0.486943,0.282372
0,1477010456100000,-4.32451,2.55034,,-4.37657,2.69084,-1.99314,-4.94628,-4.28727,2.69633,-1.84065,-4.85202,0.0747051,0.0843694,0.486107,0.281894
1,1477010456150000,4.9986,2.64081,-0.775703,-4.45748,2.44606,-1.92005,-4.93915,-4.37985,2.45393,-1.86173,-4.84218,0.0747164,0.0842109,0.485199,0.281423
0,1477010456200000,-4.61223,2.09192,,-4.57116,2.16371,-1.99051,-5.08531,-4.47352,2.21205,-1.88436,-4.83149,0.0748161,0.0841042,0.484326,0.281324
1,1477010456250000,4.7059,2.71934,0.36354,-4.67531,1.943,-2.10533,-4.93129,-4.56836,1.97072,-1.90853,-4.81994,0.0749628,0.0839632,0.483566,0.280878
0,1477010456300000,-4.86829,1.53442,,-4.80384,1.64338,-2.21681,-5.1426,-4.66444,1.72998,-1.93422,-4.80751,0.075307,0.0839733,0.482969,0.2811
1,1477010456350000,5.18451,2.86092,0.871208,-4.92389,1.39245,-2.29004,-5.12336,-4.76186,1.48989,-1.9614,-4.79417,0.0758152,0.0840275,0.482485,0.281295
0,1477010456400000,-4.66779,1.28643,,-4.97294,1.19282,-2.15438,-4.83619,-4.86066,1.25049,-1.99007,-4.7799,0.0759832,0.0839449,0.481691,0.280793
1,1477010456450000,5.10777,2.92274,1.07201,-5.05893,1.00782,-2.07133,-4.57051,-4.96095,1.01182,-2.02019,-4.76468,0.0760764,0.0837896,0.480809,0.280521
0,1477010456500000,-4.85498,0.825661,,-5.11229,0.798431,-1.99443,-4.44392,-5.06277,0.77393,-2.05174,-4.74848,0.0759955,0.0836481,0.479933,0.280614
1,1477010456550000,4.85074,3.10427,1.75578,-5.21807,0.458002,-2.10979,-4.92004,-5.16621,0.536876,-2.08471,-4.73127,0.0759208,0.0836311,0.479053,0.280331
0,1477010456600000,-5.1231,0.257311,,-5.29094,0.226779,-2.06363,-4.83403,-5.27133,0.300706,-2.11906,-4.71303,0.0757909,0.0835976,0.478186,0.279913
1,1477010456650000,6.00513,3.19003,1.77637,-5.39981,0.00780796,-1.98083,-4.64932,-5.3782,0.0654719,-2.15477,-4.69374,0.0756638,0.0835176,0.477428,0.279415
0,1477010456700000,-5.29972,-0.212982,,-5.46638,-0.222538,-1.93234,-4.62002,-5.4869,-0.168772,-2.1918,-4.67335,0.0755362,0.0834286,0.476816,0.278925
1,1477010456750000,5.64632,-3.11599,2.50614,-5.58607,-0.374507,-2.07484,-4.43501,-5.59748,-0.401971,-2.23014,-4.65185,0.0754024,0.0832937,0.476044,0.278725
0,1477010456800000,-5.85359,-0.445801,,-5.71971,-0.543282,-2.16034,-4.25558,-5.71001,-0.634069,-2.26974,-4.62919,0.0752684,0.083322,0.475229,0.279125
1,1477010456850000,5.35867,-3.00598,3.30434,-5.83564,-0.793077,-2.41989,-4.59133,-5.82456,-0.865006,-2.31058,-4.60536,0.0751358,0.0832838,0.474419,0.278624
0,1477010456900000,-5.87835,-1.26863,,-5.9372,-1.10049,-2.39982,-4.82689,-5.94118,-1.09472,-2.35262,-4.58032,0.0750014,0.0831351,0.473576,0.278516
1,1477010456950000,5.88279,-2.87871,3.2551,-6.02205,-1.39169,-2.28064,-4.91594,-6.05993,-1.32316,-2.39581,-4.55404,0.0749016,0.0830875,0.47278,0.278858
0,1477010457000000,-6.27263,-1.50938,,-6.16495,-1.59222,-2.38117,-4.75847,-6.18087,-1.55025,-2.44014,-4.52648,0.0747742,0.0829774,0.471951,0.278705
1,1477010457050000,6.36176,-2.86134,4.18697,-6.30425,-1.84799,-2.6432,-5.02808,-6.30406,-1.77593,-2.48555,-4.49762,0.0746415,0.0829412,0.471207,0.279998
0,1477010457100000,-6.34007,-2.13685,,-6.4171,-2.11554,-2.63133,-5.065,-6.42954,-2.00014,-2.532,-4.46742,0.0745132,0.0830782,0.470411,0.281751
1,1477010457150000,7.32369,-2.84014,3.85602,-6.56844,-2.30123,-2.61129,-4.67861,-6.55738,-2.22281,-2.57946,-4.43585,0.0743848,0.0830622,0.469586,0.281623
0,1477010457200000,-6.79288,-2.4458,,-6.72223,-2.50095,-2.70991,-4.5457,-6.68761,-2.44386,-2.62788,-4.40288,0.0742825,0.0829853,0.468786,0.281256
1,1477010457250000,7.62876,-2.78321,4.24815,-6.87925,-2.70826,-2.81295,-4.46312,-6.82029,-2.66323,-2.6772,-4.36847,0.0742345,0.0828829,0.468035,0.28082
0,1477010457300000,-6.8003,-3.10086,,-6.96712,-2.99785,-2.7202,-4.64497,-6.95546,-2.88084,-2.7274,-4.3326,0.0741082,0.0830261,0.467219,0.280936
1,1477010457350000,7.83203,-2.71786,4.17322,-7.09581,-3.21669,-2.66127,-4.48604,-7.09316,-3.09663,-2.7784,-4.29523,0.0739796,0.0831833,0.466458,0.280673
0,1477010457400000,-7.12118,-3.26434,,-7.22,-3.39291,-2.69703,-4.32543,-7.23344,-3.3105,-2.83017,-4.25632,0.0738557,0.0831806,0.465716,0.280217
1,1477010457450000,8.78236,-2.65716,4.41769,-7.36543,-3.65273,-2.74765,-4.44632,-7.37632,-3.5224,-2.88265,-4.21586,0.073731,0.083389,0.46498,0.28006
0,1477010457500000,-7.49009,-3.49081,,-7.52905,-3.75629,-2.88424,-4.07495,-7.52184,-3.73223,-2.93579,-4.1738,0.0736055,0.0832575,0.46419,0.279639
1,1477010457550000,8.46643,-2.66525,4.6454,-7.67512,-3.96452,-3.01077,-4.13958,-7.67004,-3.93992,-2.98953,-4.13012,0.0734799,0.0831273,0.463397,0.27916
0,1477010457600000,-7.88049,-4.29783,,-7.82762,-4.20546,-3.04992,-4.20256,-7.82094,-4.14538,-3.04381,-4.08479,0.0733555,0.0830595,0.462605,0.278768
1,1477010457650000,9.29152,-2.62635,4.65344,-7.97889,-4.42524,-3.05961,-4.16891,-7.97457,-4.34854,-3.09857,-4.03778,0.073231,0.0830387,0.461823,0.278399
0,1477010457700000,-8.22492,-4.79812,,-8.13827,-4.67636,-3.09548,-4.25969,-8.13095,-4.5493,-3.15376,-3.98906,0.073108,0.0832273,0.461053,0.278373
1,1477010457750000,9.79884,-2.61129,4.32196,-8.27957,-4.87032,-2.917,-3.96898,-8.2901,-4.74759,-3.2093,-3.93862,0.072987,0.0833922,0.460587,0.277908
0,1477010457800000,-8.33552,-5.1059,,-8.40259,-5.08769,-2.89235,-4.00353,-8.45204,-4.94331,-3.26514,-3.88641,0.0729205,0.0836722,0.460319,0.277523
1,1477010457850000,9.80209,-2.63074,4.40487,-8.55642,-5.23539,-2.90895,-3.7784,-8.61678,-5.13637,-3.32121,-3.83242,0.072882,0.0837284,0.460166,0.277074
0,1477010457900000,-8.91477,-5.51752,,-8.74057,-5.43376,-3.02347,-3.77047,-8.78433,-5.32669,-3.37745,-3.77663,0.072804,0.0838174,0.459852,0.276611
1,1477010457950000,10.6846,-2.57959,4.69636,-8.90364,-5.62845,-3.12613,-3.80172,-8.95469,-5.51417,-3.43377,-3.71901,0.0727424,0.0839373,0.459428,0.276191
0,1477010458000000,-9.03391,-5.80267,,-9.05566,-5.81527,-3.15475,-3.76556,-9.12788,-5.69872,-3.49012,-3.65955,0.0727406,0.0840665,0.459072,0.275799
1,1477010458050000,10.3939,-2.59306,4.47447,-9.19933,-5.9551,-3.10385,-3.53726,-9.30388,-5.88026,-3.54643,-3.59823,0.0728689,0.0840377,0.459018,0.275364
0,1477010458100000,-9.30811,-5.82368,,-9.3731,-6.03948,-3.20287,-3.25479,-9.4827,-6.05868,-3.60261,-3.53503,0.0730205,0.0839061,0.458835,0.275381
1,1477010458150000,11.7165,-2.56253,4.72734,-9.55483,-6.22158,-3.39096,-3.3462,-9.66432,-6.23389,-3.6586,-3.46994,0.0731703,0.083771,0.458337,0.275019
0,1477010458200000,-9.62547,-6.55958,,-9.68586,-6.45002,-3.32812,-3.47591,-9.84874,-6.4058,-3.71431,-3.40295,0.0736432,0.0836719,0.458119,0.2746
1,1477010458250000,12.4184,-2.60434,5.08845,-9.91754,-6.60565,-3.67295,-3.49558,-10.0359,-6.57431,-3.76969,-3.33404,0.0738337,0.0835542,0.457403,0.274306
0,1477010458300000,-10.2246,-6.83402,,-10.1249,-6.78395,-3.77476,-3.44641,-10.2259,-6.73933,-3.82463,-3.26321,0.0739383,0.0834569,0.456666,0.274058
1,1477010458350000,12.2265,-2.56061,5.05486,-10.3133,-6.93988,-3.83388,-3.3568,-10.4186,-6.90075,-3.87907,-3.19046,0.0740616,0.0833511,0.455932,0.273777
0,1477010458400000,-10.7616,-7.29159,,-10.5471,-7.13864,-3.97093,-3.36766,-10.614,-7.05849,-3.93293,-3.11577,0.0740394,0.083341,0.455198,0.273709
1,1477010458450000,12.8601,-2.58139,5.08645,-10.7579,-7.27007,-4.02801,-3.17983,-10.8121,-7.21245,-3.98613,-3.03916,0.073984,0.0832708,0.45447,0.273384
0,1477010458500000,-11.2219,-7.56979,,-11.0076,-7.4451,-4.1872,-3.13655,-11.0128,-7.36252,-4.03859,-2.96062,0.0738656,0.0832686,0.453817,0.273127
1,1477010458550000,13.2295,-2.55065,4.90432,-11.196,-7.57728,-4.06547,-2.92059,-11.2161,-7.50862,-4.09021,-2.88015,0.0737559,0.0832258,0.453091,0.272698
0,1477010458600000,-11.0934,-7.6776,,-11.3304,-7.74052,-3.94748,-2.9305,-11.422,-7.65064,-4.14093,-2.79777,0.0738198,0.0832479,0.452499,0.272365
1,1477010458650000,13.6423,-2.56294,4.89282,-11.5271,-7.86148,-4,-2.81377,-11.6304,-7.78849,-4.19066,-2.71349,0.0739323,0.0832173,0.451906,0.27199
0,1477010458700000,-11.5269,-7.8215,,-11.6985,-7.96384,-3.98499,-2.66916,-11.8413,-7.92208,-4.23932,-2.6273,0.0742521,0.0831184,0.451416,0.271568
1,1477010458750000,14.3095,-2.55814,4.49673,-11.8901,-8.07359,-3.88475,-2.4666,-12.0546,-8.05131,-4.28682,-2.53924,0.0747092,0.0829962,0.451268,0.271169
0,1477010458800000,-12.09,-8.08828,,-12.0973,-8.16011,-3.95912,-2.30895,-12.2702,-8.17609,-4.33309,-2.44932,0.0752207,0.0828701,0.451045,0.270856
1,1477010458850000,14.807,-2.56912,5.27667,-12.3346,-8.28469,-4.43191,-2.45054,-12.4881,-8.29633,-4.37802,-2.35756,0.0755938,0.0827422,0.450345,0.27048
0,1477010458900000,-12.4231,-8.2599,,-12.5401,-8.372,-4.44531,-2.28956,-12.7082,-8.41193,-4.42156,-2.26399,0.0760598,0.0826427,0.449641,0.27006
1,1477010458950000,15.153,-2.57023,4.46958,-12.7436,-8.45325,-4.22573,-2.01079,-12.9304,-8.5228,-4.4636,-2.16863,0.0766554,0.082605,0.449135,0.269782
0,1477010459000000,-13.2911,-8.64594,,-13.0255,-8.54603,-4.43046,-1.87101,-13.1547,-8.62886,-4.50407,-2.07151,0.0768748,0.0826057,0.448453,0.269593
1,1477010459050000,16.1868,-2.5908,5.01852,-13.2865,-8.63798,-4.71119,-1.8208,-13.381,-8.73002,-4.54289,-1.97267,0.0769357,0.0826367,0.447855,0.269307
0,1477010459100000,-13.384,-8.57583,,-13.5057,-8.69104,-4.71783,-1.63139,-13.6092,-8.82619,-4.57997,-1.87214,0.0770321,0.0828506,0.447227,0.269224
1,1477010459150000,15.9458,-2.59682,4.2878,-13.7165,-8.7285,-4.44573,-1.32542,-13.8392,-8.91729,-4.61524,-1.76997,0.0772147,0.0833849,0.446635,0.26994
0,1477010459200000,-13.9959,-8.99264,,-13.9304,-8.85267,-4.44887,-1.37013,-14.0709,-9.00324,-4.64861,-1.6662,0.0774887,0.0836744,0.446085,0.270024
1,1477010459250000,16.9366,-2.59554,5.12891,-14.1991,-8.93111,-4.92843,-1.40415,-14.3043,-9.08395,-4.68001,-1.56086,0.0775888,0.0839737,0.445613,0.26975
0,1477010459300000,-14.4273,-9.1875,,-14.4203,-9.06469,-4.87929,-1.49149,-14.5391,-9.15936,-4.70936,-1.45402,0.0777484,0.0840085,0.44503,0.269345
1,1477010459350000,17.3041,-2.57238,4.58709,-14.6461,-9.13655,-4.70734,-1.34721,-14.7754,-9.22939,-4.73658,-1.34573,0.0779577,0.0840368,0.444354,0.268934
0,1477010459400000,-15.062,-9.04396,,-14.9419,-9.12639,-4.8888,-1.02071,-15.013,-9.29397,-4.76161,-1.23603,0.0779378,0.0844161,0.443734,0.268787
1,1477010459450000,18.3825,-2.58614,4.68517,-15.2064,-9.19607,-4.9476,-0.95012,-15.2517,-9.35302,-4.78436,-1.125,0.0778596,0.0847298,0.443152,0.268552
0,1477010459500000,-15.6682,-9.56749,,-15.4673,-9.33079,-4.97663,-1.0723,-15.4916,-9.40649,-4.80476,-1.01269,0.0777534,0.084704,0.442583,0.268166
1,1477010459550000,18.4821,-2.6107,4.28658,-15.7015,-9.36847,-4.7013,-0.870834,-15.7324,-9.45431,-4.82275,-0.899159,0.0776548,0.0847074,0.441966,0.267767
0,1477010459600000,-16.0862,-9.59819,,-15.9502,-9.45884,-4.73864,-0.89364,-15.9741,-9.49642,-4.83827,-0.784484,0.0775491,0.0846052,0.441336,0.267431
1,1477010459650000,18.8168,-2.65166,4.3787,-16.1979,-9.47406,-4.72337,-0.712324,-16.2164,-9.53277,-4.85124,-0.668734,0.0774395,0.0845395,0.44073,0.267041
0,1477010459700000,-16.4229,-9.37029,,-16.4462,-9.45988,-4.77199,-0.488183,-16.4594,-9.5633,-4.8616,-0.55198,0.0773272,0.0846021,0.440099,0.266665
1,1477010459750000,18.5335,-2.61375,4.25211,-16.652,-9.4727,-4.68629,-0.375509,-16.7027,-9.58797,-4.8693,-0.434301,0.0772616,0.0847098,0.439557,0.266287
0,1477010459800000,-17.1132,-9.43043,,-16.9441,-9.44332,-4.83273,-0.114857,-16.9464,-9.60673,-4.87427,-0.315773,0.077147,0.0850511,0.438911,0.266117
1,1477010459850000,20.1085,-2.57124,4.57915,-17.1981,-9.50583,-5.02892,-0.181752,-17.1903,-9.61954,-4.87646,-0.196479,0.0770339,0.0851501,0.438339,0.265724
0,1477010459900000,-17.5448,-9.57485,,-17.4638,-9.52382,-5.06409,-0.0961481,-17.4342,-9.62636,-4.87583,-0.0765024,0.076937,0.0852067,0.437812,0.265334
1,1477010459950000,20.4243,-2.6638,4.17748,-17.7201,-9.5156,-4.92353,0.0637611,-17.6781,-9.62717,-4.87232,0.0440703,0.0768576,0.0852962,0.437176,0.264946
0,1477010460000000,-17.9724,-9.42299,,-17.9765,-9.4767,-4.95182,0.269149,-17.9216,-9.62194,-4.86588,0.165151,0.0768023,0.0855334,0.436559,0.264617
1,1477010460050000,20.4843,-2.67648,3.99555,-18.2159,-9.44571,-4.82324,0.429258,-18.1648,-9.61064,-4.85648,0.286648,0.0767398,0.0858726,0.435924,0.264342
0,1477010460100000,-18.2763,-9.60997,,-18.3952,-9.51041,-4.65083,0.274852,-18.4074,-9.59325,-4.84408,0.40847,0.0766307,0.0858639,0.435414,0.264055
1,1477010460150000,20.6091,-2.65784,4.30292,-18.6309,-9.50097,-4.85275,0.34141,-18.6493,-9.56977,-4.82864,0.530522,0.0765257,0.0858192,0.434782,0.263868
0,1477010460200000,-18.9545,-9.51544,,-18.887,-9.48504,-4.87715,0.434891,-18.8904,-9.54017,-4.81012,0.652707,0.0764149,0.0857462,0.434167,0.263746
1,1477010460250000,20.7641,-2.69174,4.20813,-19.1156,-9.44678,-4.90877,0.556178,-19.1305,-9.50447,-4.78851,0.774927,0.0763086,0.0856783,0.433587,0.263627
0,1477010460300000,-19.2983,-9.09865,,-19.3797,-9.30294,-4.95282,0.980873,-19.3694,-9.46265,-4.76378,0.897083,0.0762006,0.0859833,0.433081,0.263286
1,1477010460350000,21.5791,-2.7216,3.64727,-19.6116,-9.22684,-4.72713,1.15413,-19.6069,-9.41472,-4.73591,1.01907,0.0760915,0.0864484,0.432458,0.263007
0,1477010460400000,-19.8731,-8.96417,,-19.873,-9.08568,-4.7576,1.52122,-19.8431,-9.36071,-4.70487,1.1408,0.0759993,0.0875708,0.431847,0.263418
1,1477010460450000,21.7788,-2.78143,3.68183,-20.1193,-8.96882,-4.78629,1.78087,-20.0775,-9.30061,-4.67066,1.26215,0.0759235,0.0892258,0.431274,0.264499
0,1477010460500000,-20.1607,-9.59663,,-20.2411,-9.17842,-4.3754,1.01793,-20.3102,-9.23446,-4.63328,1.38303,0.0759051,0.0891488,0.430879,0.26484
1,1477010460550000,22.661,-2.69707,3.79466,-20.4796,-9.14328,-4.54281,1.07772,-20.5409,-9.16227,-4.59271,1.50334,0.0758678,0.0890278,0.430275,0.265434
0,1477010460600000,-20.6596,-8.91527,,-20.7127,-9.02517,-4.55451,1.32622,-20.7696,-9.08409,-4.54895,1.62296,0.0758206,0.0889569,0.429665,0.265528
1,1477010460650000,23.1722,-2.76598,3.50623,-20.9569,-8.94502,-4.51188,1.4532,-20.9959,-8.99994,-4.50202,1.74179,0.0757417,0.0888791,0.429058,0.265596
0,1477010460700000,-21.0195,-8.85081,,-21.1494,-8.87775,-4.40939,1.50439,-21.2198,-8.90987,-4.45191,1.85972,0.0757274,0.0887702,0.42846,0.265892
1,1477010460750000,23.5086,-2.76519,3.3332,-21.3821,-8.79658,-4.34755,1.60394,-21.4412,-8.81393,-4.39865,1.97666,0.0756856,0.0886502,0.427866,0.266252
0,1477010460800000,-21.5029,-8.87191,,-21.5635,-8.78441,-4.21952,1.4838,-21.6597,-8.71217,-4.34224,2.0925,0.0757511,0.0886085,0.427316,0.267823
1,1477010460850000,23.1693,-2.81593,2.77502,-21.7438,-8.67003,-3.86628,1.58842,-21.8754,-8.60465,-4.2827,2.20712,0.0759644,0.0885521,0.427286,0.26944
0,1477010460900000,-21.9793,-8.57089,,-21.9458,-8.57733,-3.85579,1.70582,-22.0881,-8.49143,-4.22007,2.32043,0.076229,0.0885448,0.427123,0.271013
1,1477010460950000,23.4906,-2.80745,3.30506,-22.1577,-8.47345,-4.07921,1.89666,-22.2975,-8.37258,-4.15437,2.43232,0.0764786,0.0885814,0.426548,0.272105
0,1477010461000000,-22.5838,-8.35296,,-22.4065,-8.34695,-4.14297,2.09618,-22.5035,-8.24817,-4.08564,2.5427,0.0765432,0.0886113,0.425967,0.272742
1,1477010461050000,23.9093,-2.77466,2.90501,-22.5919,-8.24372,-3.96473,2.14118,-22.7061,-8.11829,-4.01391,2.65145,0.0766725,0.0887341,0.425386,0.273683
0,1477010461100000,-22.9861,-7.6724,,-22.8683,-7.93122,-4.07538,2.8931,-22.9049,-7.98301,-3.93923,2.75848,0.076591,0.0886534,0.42486,0.273397
1,1477010461150000,24.7121,-2.79819,2.37553,-23.0594,-7.77951,-3.75806,2.96104,-23.1,-7.84243,-3.86163,2.8637,0.0765152,0.088593,0.424311,0.273069
0,1477010461200000,-23.4777,-7.56583,,-23.2946,-7.58173,-3.76144,3.26951,-23.2911,-7.69663,-3.78118,2.967,0.0764105,0.0886757,0.423731,0.273153
1,1477010461250000,24.5005,-2.85095,2.95743,-23.5036,-7.42318,-3.93794,3.45916,-23.4781,-7.54572,-3.69792,3.06828,0.0763177,0.0887858,0.423337,0.273544
0,1477010461300000,-23.5408,-7.36069,,-23.6571,-7.30921,-3.7415,3.34859,-23.6609,-7.3898,-3.61191,3.16746,0.0762139,0.0887645,0.422814,0.273335
1,1477010461350000,24.9317,-2.87494,2.63668,-23.8563,-7.12724,-3.7451,3.52858,-23.8393,-7.22897,-3.52321,3.26445,0.0761155,0.0888023,0.422398,0.27331
0,1477010461400000,-23.9384,-7.26171,,-23.9948,-7.09413,-3.51578,3.15441,-24.0132,-7.06336,-3.43189,3.35916,0.0760183,0.0886964,0.421848,0.273148
1,1477010461450000,25.0718,-2.90236,2.27024,-24.164,-6.9099,-3.3809,3.28296,-24.1825,-6.89307,-3.33801,3.45149,0.0759216,0.0885807,0.421283,0.272919
0,1477010461500000,-24.2574,-6.4352,,-24.3407,-6.61427,-3.3244,3.76344,-24.347,-6.71823,-3.24166,3.54138,0.0758199,0.0886258,0.420737,0.272795
1,1477010461550000,25.808,-2.85952,1.9332,-24.508,-6.43799,-3.13708,3.78189,-24.5066,-6.53896,-3.14289,3.62873,0.0757179,0.0886612,0.420171,0.272543
0,1477010461600000,-24.3008,-6.43799,,-24.5811,-6.3576,-2.84958,3.47585,-24.6612,-6.35538,-3.0418,3.71347,0.0757302,0.0885424,0.419725,0.272456
1,1477010461650000,25.3337,-2.90212,1.88951,-24.721,-6.17754,-2.79231,3.59045,-24.8107,-6.16764,-2.93846,3.79553,0.075771,0.0884254,0.419232,0.272298
0,1477010461700000,-25.146,-5.91902,,-24.9149,-5.94117,-2.81199,3.87737,-24.955,-5.97587,-2.83295,3.87484,0.0756983,0.0883256,0.418674,0.271935
1,1477010461750000,25.3991,-2.94252,1.81437,-25.0483,-5.72876,-2.72943,4.0235,-25.094,-5.7802,-2.72537,3.95132,0.0756343,0.088248,0.418117,0.271598
0,1477010461800000,-25.1941,-5.64372,,-25.1754,-5.57775,-2.60023,3.93039,-25.2276,-5.58079,-2.61581,4.02492,0.0755816,0.088131,0.417563,0.271282
1,1477010461850000,26.1059,-2.93168,1.92108,-25.3317,-5.38429,-2.66583,4.06192,-25.3556,-5.37777,-2.50435,4.09557,0.0754915,0.088015,0.417093,0.270928
0,1477010461900000,-25.5713,-5.10241,,-25.4859,-5.13747,-2.61826,4.27516,-25.4779,-5.1713,-2.39109,4.16322,0.075393,0.0879159,0.416706,0.270631
1,1477010461950000,25.8634,-2.88519,1.92658,-25.6149,-4.9639,-2.61697,4.25543,-25.5946,-4.96152,-2.27613,4.22781,0.0753009,0.0878003,0.416524,0.270279
0,1477010462000000,-25.6952,-4.89995,,-25.7253,-4.82157,-2.47676,4.07163,-25.7055,-4.7486,-2.15956,4.2893,0.0752089,0.0877646,0.416295,0.270154
1,1477010462050000,26.1896,-2.97252,1.63348,-25.8455,-4.61164,-2.39682,4.14156,-25.8105,-4.53268,-2.04149,4.34764,0.0751317,0.0877427,0.416147,0.270006
0,1477010462100000,-25.9516,-4.26659,,-25.968,-4.34083,-2.32523,4.39273,-25.9096,-4.31392,-1.92202,4.40279,0.0750928,0.0876389,0.416113,0.269654
1,1477010462150000,27.2593,-2.978,0.843194,-26.0739,-4.12303,-1.98575,4.29248,-26.0027,-4.0925,-1.80125,4.45471,0.075083,0.0875386,0.415678,0.26943
0,1477010462200000,-26.1198,-3.67723,,-26.1722,-3.80274,-1.86076,4.68435,-26.0897,-3.86856,-1.67928,4.50337,0.075103,0.0874892,0.415241,0.269238
1,1477010462250000,26.8438,-2.9974,0.594495,-26.2462,-3.56083,-1.55049,4.68015,-26.1706,-3.64227,-1.55623,4.54875,0.0751043,0.087474,0.414703,0.268972
0,1477010462300000,-25.9974,-3.24722,,-26.269,-3.30183,-1.29719,4.77836,-26.2453,-3.41381,-1.4322,4.59081,0.0750169,0.0875462,0.414223,0.268793
1,1477010462350000,26.4694,-3.0276,0.430728,-26.3203,-3.05576,-1.08007,4.82514,-26.3138,-3.18332,-1.30729,4.62954,0.0749209,0.0876728,0.41385,0.26863
0,1477010462400000,-26.1741,-2.87885,,-26.3352,-2.85101,-0.856825,4.71512,-26.376,-2.95098,-1.18162,4.66493,0.0748531,0.0877066,0.413646,0.268297
1,1477010462450000,26.6919,-3.01199,0.454246,-26.3933,-2.64273,-0.784445,4.66561,-26.4319,-2.71697,-1.05529,4.69696,0.0747826,0.0876747,0.413343,0.267957
0,1477010462500000,-26.674,-2.73852,,-26.4585,-2.55836,-0.694889,4.19932,-26.4815,-2.48143,-0.928411,4.72562,0.0746959,0.0876489,0.412983,0.268935
1,1477010462550000,26.7127,-3.07702,0.496758,-26.5141,-2.33703,-0.668932,4.28667,-26.5247,-2.24456,-0.80109,4.75091,0.0746025,0.0876616,0.412509,0.269613
0,1477010462600000,-26.6691,-2.17333,,-26.5631,-2.14337,-0.579195,4.24228,-26.5616,-2.0065,-0.673434,4.77284,0.0745076,0.0878218,0.412012,0.270597
1,1477010462650000,26.358,-3.09139,0.423345,-26.5947,-1.91769,-0.532204,4.31781,-26.5921,-1.76744,-0.545553,4.79141,0.0744131,0.0880363,0.411489,0.271304
0,1477010462700000,-26.4671,-1.53207,,-26.598,-1.62339,-0.375362,4.58623,-26.6161,-1.52753,-0.417552,4.80664,0.0743245,0.088057,0.410973,0.271188
1,1477010462750000,26.5906,-3.05894,-0.249844,-26.593,-1.41048,-0.156236,4.52697,-26.6338,-1.28695,-0.289538,4.81852,0.0742589,0.0881645,0.410509,0.271241
0,1477010462800000,-26.5998,-1.14277,,-26.5984,-1.1641,-0.0202093,4.59822,-26.6451,-1.04586,-0.161616,4.8271,0.0742023,0.0882532,0.410053,0.271142
1,1477010462850000,27.2525,-3.08003,-0.161527,-26.6282,-0.953472,0.0312597,4.53661,-26.65,-0.804425,-0.0338883,4.83238,0.074117,0.0884583,0.40955,0.271207
0,1477010462900000,-26.7355,-0.59539,,-26.6429,-0.661989,0.136005,4.75955,-26.6485,-0.562811,0.0935412,4.83439,0.0740246,0.0884868,0.409042,0.270893
1,1477010462950000,26.9891,-3.14289,-0.611633,-26.6294,-0.410023,0.346211,4.81615,-26.6406,-0.321181,0.220572,4.83317,0.0739341,0.0884877,0.408579,0.270555
0,1477010463000000,-26.4553,0.0602653,,-26.5846,-0.0586692,0.5754,5.17351,-26.6264,-0.0796947,0.347104,4.82874,0.0738714,0.0883835,0.408228,0.270766
1,1477010463050000,26.9541,3.13651,-0.730319,-26.5653,0.200359,0.721637,5.16683,-26.6059,0.161489,0.473041,4.82116,0.0738073,0.0882948,0.407909,0.270978
0,1477010463100000,-26.6201,0.57588,,-26.5404,0.515323,0.8687,5.33913,-26.5792,0.402213,0.598287,4.81045,0.073741,0.088365,0.407625,0.27192
1,1477010463150000,26.8268,3.12737,-0.525282,-26.5294,0.768581,0.865052,5.24051,-26.5462,0.642323,0.722748,4.79667,0.0736544,0.0884788,0.407182,0.272479
0,1477010463200000,-26.7293,1.06082,,-26.5225,1.04255,0.931843,5.26481,-26.5069,0.881666,0.846334,4.77986,0.0735675,0.0887304,0.406701,0.273207
1,1477010463250000,26.0865,3.0416,-0.379773,-26.4822,1.33681,0.9411,5.30955,-26.4616,1.12009,0.968955,4.76007,0.073484,0.0892714,0.406202,0.27423
0,1477010463300000,-26.3986,1.42212,,-26.4297,1.51512,1.04154,4.99482,-26.4101,1.35745,1.09053,4.73737,0.0734001,0.0895035,0.40571,0.27419
1,1477010463350000,26.5132,3.16286,-0.674688,-26.3905,1.70889,1.07509,4.76453,-26.3526,1.59361,1.21096,4.71181,0.073334,0.0895758,0.405269,0.273866
0,1477010463400000,-26.3594,1.79315,,-26.342,1.87175,1.13794,4.48926,-26.2891,1.82841,1.33018,4.68345,0.0732911,0.0894918,0.404884,0.2737
1,1477010463450000,26.4109,3.07231,-1.06212,-26.2737,2.09136,1.29964,4.47825,-26.2197,2.06173,1.44811,4.65235,0.0732503,0.0893946,0.404457,0.273501
0,1477010463500000,-26.2502,2.18481,,-26.2175,2.25083,1.3561,4.23486,-26.1444,2.29342,1.56467,4.61859,0.0732501,0.0893105,0.404095,0.273823
1,1477010463550000,26.1685,3.05439,-0.855942,-26.156,2.45273,1.38698,4.13227,-26.0633,2.52336,1.67979,4.58223,0.0733035,0.0892699,0.403862,0.274387
0,1477010463600000,-26.0641,2.80701,,-26.0761,2.72976,1.52768,4.33386,-25.9765,2.75141,1.79339,4.54334,0.0733785,0.0891681,0.403585,0.274249
1,1477010463650000,26.4965,3.02722,-1.60779,-25.98,2.95197,1.80542,4.40378,-25.8841,2.97746,1.90543,4.502,0.0734414,0.0890692,0.403127,0.27396
0,1477010463700000,-25.8345,3.42005,,-25.8681,3.29079,2.01266,4.75008,-25.7861,3.20139,2.01582,4.45828,0.0734634,0.08907,0.402641,0.274004
1,1477010463750000,26.4473,2.99994,-1.43601,-25.7838,3.53254,2.09211,4.71755,-25.6826,3.42306,2.12452,4.41227,0.0735426,0.0891246,0.40216,0.274084
0,1477010463800000,-25.6666,3.63509,,-25.6814,3.70535,2.16845,4.46194,-25.5737,3.64239,2.23146,4.36404,0.0736434,0.0890711,0.40169,0.273797
1,1477010463850000,25.7684,3.0197,-1.63152,-25.5656,3.90786,2.29687,4.35281,-25.4596,3.85924,2.3366,4.31367,0.0737379,0.0889963,0.401214,0.273476
0,1477010463900000,-25.7492,3.99968,,-25.5063,4.05017,2.25596,4.04868,-25.3402,4.07353,2.43989,4.26125,0.0740957,0.0888973,0.400835,0.273347
1,1477010463950000,25.6284,2.99447,-1.70553,-25.3856,4.23967,2.37935,3.96247,-25.2157,4.28514,2.54127,4.20686,0.0744699,0.0888191,0.400436,0.273281
0,1477010464000000,-25.0214,4.52803,,-25.2176,4.49243,2.60851,4.08066,-25.0863,4.49399,2.64071,4.15058,0.0746566,0.0887136,0.399963,0.272978
1,1477010464050000,24.6515,2.96589,-1.64191,-25.0694,4.67971,2.62183,3.89358,-24.9518,4.69998,2.73817,4.09251,0.0747873,0.0886139,0.399529,0.272826
0,1477010464100000,-25.0363,4.88499,,-24.9532,4.87229,2.68594,3.82206,-24.8126,4.90303,2.83361,4.03273,0.075011,0.0885217,0.399121,0.272696
1,1477010464150000,24.8606,2.94075,-1.97394,-24.7975,5.0582,2.81327,3.74438,-24.6686,5.10304,2.92701,3.97132,0.0751835,0.0884441,0.398688,0.272597
0,1477010464200000,-24.5041,5.35293,,-24.6216,5.30284,3.00753,3.86139,-24.5201,5.29995,3.01833,3.90839,0.0752562,0.0883401,0.398219,0.272286
1,1477010464250000,24.9946,2.93014,-2.49278,-24.4475,5.48846,3.26649,3.83373,-24.367,5.49367,3.10754,3.84401,0.075269,0.0882367,0.397826,0.271966
0,1477010464300000,-24.1159,5.61152,,-24.2573,5.66,3.40918,3.69144,-24.2095,5.68414,3.19464,3.77827,0.0752163,0.0881411,0.397496,0.27168
1,1477010464350000,25.0204,2.95025,-2.65249,-24.0944,5.81693,3.52475,3.54095,-24.0477,5.8713,3.27959,3.71127,0.0751623,0.0880773,0.397208,0.271488
0,1477010464400000,-23.9153,5.94377,,-23.9199,5.97062,3.60388,3.37401,-23.8818,6.05508,3.36239,3.64309,0.0750971,0.088069,0.396916,0.271482
1,1477010464450000,24.4151,2.87445,-1.95451,-23.7829,6.13499,3.25396,3.07433,-23.7117,6.23542,3.44302,3.57383,0.0750882,0.0880997,0.396559,0.272234
0,1477010464500000,-23.6471,6.29102,,-23.6239,6.28664,3.31945,2.9902,-23.5377,6.41227,3.52148,3.50357,0.0751161,0.0882053,0.396218,0.27304
1,1477010464550000,24.6376,2.87303,-2.30561,-23.4803,6.436,3.27221,2.8675,-23.3598,6.58559,3.59775,3.4324,0.0752527,0.0883967,0.396069,0.274075
0,1477010464600000,-23.0099,6.86182,,-23.2368,6.72235,3.57267,3.23497,-23.1781,6.75533,3.67185,3.36041,0.0752187,0.0883088,0.39564,0.273824
1,1477010464650000,23.4984,2.89476,-2.54438,-23.0441,6.85118,3.62638,3.0618,-22.9928,6.92146,3.74376,3.28768,0.0751723,0.0882715,0.395224,0.273724
0,1477010464700000,-22.6991,7.063,,-22.8262,7.04215,3.78753,3.11483,-22.804,7.08393,3.8135,3.21431,0.0750934,0.0881927,0.394772,0.27345
1,1477010464750000,23.4155,2.84865,-2.96974,-22.6113,7.1812,3.99732,3.03333,-22.6117,7.24273,3.88106,3.14038,0.0750073,0.0881408,0.394358,0.273185
0,1477010464800000,-22.5083,7.31524,,-22.431,7.3156,4.01009,2.8921,-22.4161,7.39782,3.94647,3.06598,0.0749248,0.0881277,0.393918,0.272999
1,1477010464850000,23.4113,2.79945,-3.47701,-22.1918,7.46754,4.41526,2.91781,-22.2173,7.54917,4.00974,2.99118,0.0748491,0.0881134,0.393945,0.272709
0,1477010464900000,-22.1947,7.69478,,-22.0067,7.62597,4.41439,2.84551,-22.0154,7.69679,4.07087,2.91607,0.074765,0.0880778,0.393838,0.272419
1,1477010464950000,23.43,2.74571,-2.70768,-21.8196,7.80947,4.15939,2.78101,-21.8105,7.84064,4.12989,2.84074,0.0746812,0.0879902,0.393392,0.272125
0,1477010465000000,-21.6473,7.94,,-21.619,7.9406,4.19376,2.67673,-21.6026,7.98072,4.18681,2.76526,0.0746006,0.0879112,0.392946,0.271849
1,1477010465050000,23.2089,2.79945,-2.9496,-21.431,8.067,4.15908,2.55802,-21.392,8.11703,4.24166,2.68971,0.0745392,0.0878439,0.392521,0.271613
0,1477010465100000,-21.0853,7.83229,,-21.2305,8.05733,4.0928,2.09491,-21.1787,8.24957,4.29447,2.61417,0.0744957,0.0882188,0.392195,0.272426
1,1477010465150000,22.551,2.71718,-2.6054,-21.0455,8.18743,3.84845,1.98303,-20.9628,8.37833,4.34526,2.53871,0.074515,0.0885839,0.392462,0.273394
0,1477010465200000,-21.0519,8.50983,,-20.8712,8.3549,3.89188,2.07531,-20.7444,8.50333,4.39406,2.46341,0.0746734,0.0887637,0.392743,0.273705
1,1477010465250000,22.036,2.70046,-3.40066,-20.62,8.48032,4.33331,2.15343,-20.5237,8.62457,4.4409,2.38835,0.0747289,0.0889268,0.392335,0.273624
0,1477010465300000,-20.21,8.68914,,-20.3531,8.64584,4.51488,2.25327,-20.3006,8.74206,4.48582,2.31358,0.0746865,0.0889438,0.391899,0.273333
1,1477010465350000,22.0803,2.72903,-2.81105,-20.1579,8.77203,4.25518,2.16027,-20.0753,8.85583,4.52884,2.23919,0.0747049,0.0889326,0.391674,0.273053
0,1477010465400000,-20.0633,8.86724,,-19.9713,8.862,4.22095,2.03476,-19.848,8.96589,4.57001,2.16524,0.0748482,0.0889687,0.391585,0.272819
1,1477010465450000,21.7757,2.72649,-2.79998,-19.7799,8.96053,4.08599,1.92778,-19.6186,9.07227,4.60937,2.09179,0.0751507,0.0890258,0.391927,0.272625
0,1477010465500000,-19.4861,8.96665,,-19.5662,9.0309,4.11976,1.8024,-19.3873,9.17499,4.64694,2.01891,0.0755385,0.0891855,0.392278,0.272513
1,1477010465550000,21.1919,2.63907,-3.30678,-19.3154,9.15174,4.42583,1.87217,-19.1542,9.27409,4.68278,1.94666,0.0758352,0.0892725,0.39203,0.272234
0,1477010465600000,-18.6786,9.19191,,-19.0094,9.26959,4.66187,1.90451,-18.9193,9.36959,4.71692,1.8751,0.0758697,0.0892976,0.391606,0.271937
1,1477010465650000,21.2718,2.70567,-3.3833,-18.7943,9.35134,4.66158,1.79241,-18.6827,9.46154,4.7494,1.80429,0.0759668,0.089349,0.391196,0.271638
0,1477010465700000,-18.4242,9.46852,,-18.5274,9.46665,4.78386,1.80794,-18.4446,9.54996,4.78028,1.73429,0.0759825,0.0893362,0.390766,0.271361
1,1477010465750000,20.15,2.6938,-3.97127,-18.2531,9.5119,5.12355,1.63199,-18.2049,9.63492,4.80959,1.66514,0.0759326,0.0894239,0.390614,0.271068
0,1477010465800000,-17.7736,9.72478,,-17.9298,9.66995,5.35982,1.79317,-17.9639,9.71643,4.83737,1.59691,0.0758663,0.0893525,0.390951,0.270927
1,1477010465850000,19.9101,2.61668,-3.29532,-17.6735,9.78539,5.07575,1.77491,-17.7214,9.79457,4.86368,1.52964,0.0758166,0.0892559,0.39065,0.270874
0,1477010465900000,-17.3436,9.88109,,-17.401,9.8858,5.14929,1.75554,-17.4777,9.86936,4.88856,1.46338,0.0758185,0.089162,0.390414,0.270922
1,1477010465950000,19.9648,2.60466,-3.6641,-17.1414,9.97968,5.21852,1.7157,-17.2328,9.94087,4.91205,1.39818,0.075856,0.0890834,0.390251,0.271032
0,1477010466000000,-16.8876,10.145,,-16.872,10.0943,5.27846,1.74081,-16.9868,10.0091,4.93421,1.33408,0.0759618,0.089075,0.390157,0.2714
1,1477010466050000,19.4316,2.59454,-3.65134,-16.6062,10.1762,5.31509,1.66979,-16.7396,10.0743,4.95507,1.27113,0.0761331,0.0891049,0.390094,0.271739
0,1477010466100000,-16.5153,10.3091,,-16.3773,10.2547,5.24382,1.57773,-16.4915,10.1362,4.97469,1.20937,0.0762357,0.0891786,0.389873,0.271985
1,1477010466150000,19.2581,2.55982,-3.71646,-16.1081,10.339,5.35143,1.53703,-16.2424,10.1952,4.99311,1.14883,0.0764083,0.0893322,0.389808,0.272289
0,1477010466200000,-16.006,10.1843,,-15.9135,10.3081,5.11244,1.15392,-15.9924,10.2511,5.01039,1.08956,0.0764137,0.0892753,0.389418,0.272012
1,1477010466250000,18.8573,2.55678,-3.53147,-15.6686,10.3683,5.03759,1.08049,-15.7416,10.3041,5.02655,1.03159,0.0764064,0.089229,0.389,0.27173
0,1477010466300000,-15.5699,10.1904,,-15.4866,10.3192,4.80601,0.728378,-15.4899,10.3543,5.04166,0.974957,0.0763247,0.0891482,0.388736,0.271678
1,1477010466350000,17.9383,2.48774,-4.22288,-15.1664,10.3737,5.34348,0.700546,-15.2376,10.4016,5.05576,0.919692,0.0763141,0.0890622,0.388548,0.271577
0,1477010466400000,-14.9365,10.4722,,-14.9007,10.4247,5.36461,0.644183,-14.9846,10.4462,5.06889,0.865828,0.0763309,0.0889728,0.388374,0.27148
1,1477010466450000,17.5963,2.56215,-3.31788,-14.6743,10.4413,4.87205,0.536893,-14.7309,10.4882,5.0811,0.813394,0.0762943,0.0889044,0.38808,0.271491
0,1477010466500000,-14.4088,10.222,,-14.4568,10.3875,4.7589,0.255749,-14.4766,10.5276,5.09243,0.762418,0.0762188,0.0890444,0.387973,0.272206
1,1477010466550000,17.4348,2.49358,-3.80261,-14.2011,10.4036,4.84388,0.176193,-14.2218,10.5645,5.10293,0.712926,0.076144,0.0892577,0.387745,0.273037
0,1477010466600000,-13.8049,10.9383,,-13.853,10.6023,5.19999,0.622082,-13.9665,10.5989,5.11263,0.664944,0.0762422,0.0891634,0.387356,0.272756
1,1477010466650000,17.1981,2.46371,-3.3139,-13.6004,10.6593,4.98645,0.661423,-13.7107,10.631,5.12159,0.618496,0.0763302,0.0890788,0.386997,0.272475
0,1477010466700000,-13.3556,10.5517,,-13.3708,10.646,4.91609,0.487241,-13.4545,10.6608,5.12983,0.573603,0.0763464,0.0889875,0.386713,0.272217
1,1477010466750000,16.8616,2.44537,-3.74352,-13.1063,10.6698,5.08389,0.428248,-13.1979,10.6884,5.13741,0.530288,0.0763817,0.0888981,0.386315,0.271971
0,1477010466800000,-12.9591,11.0099,,-12.8396,10.7792,5.174,0.610963,-12.9409,10.7138,5.14436,0.48857,0.0764424,0.0888553,0.385912,0.271743
1,1477010466850000,16.633,2.39881,-3.4553,-12.5674,10.8354,5.19268,0.653736,-12.6836,10.7373,5.15071,0.448467,0.0765471,0.0888759,0.385513,0.271621
0,1477010466900000,-12.3713,10.6091,,-12.3618,10.7768,4.9951,0.354063,-12.426,10.7587,5.15651,0.409997,0.0765234,0.0887869,0.385181,0.27135
1,1477010466950000,16.1744,2.40076,-3.36125,-12.1105,10.8056,4.93222,0.345404,-12.1681,10.7783,5.16179,0.373177,0.0764888,0.0887031,0.384922,0.27107
0,1477010467000000,-11.9451,11.0515,,-11.8566,10.8828,4.99389,0.452241,-11.91,10.7961,5.16658,0.338022,0.076448,0.0886992,0.384602,0.270838
1,1477010467050000,15.5125,2.35632,-3.45673,-11.5705,10.9087,5.1469,0.435857,-11.6516,10.8121,5.17092,0.304546,0.0764579,0.0887162,0.384205,0.270623
0,1477010467100000,-11.4548,10.9407,,-11.3544,10.9142,5.03195,0.335935,-11.393,10.8265,5.17484,0.272761,0.076399,0.088714,0.383862,0.270358
1,1477010467150000,15.4675,2.39443,-4.4497,-11.073,10.864,5.61099,-0.00145783,-11.1342,10.8394,5.17836,0.242681,0.0763707,0.0886293,0.383969,0.270306
0,1477010467200000,-10.6009,10.6823,,-10.7589,10.8351,5.68166,-0.144804,-10.8753,10.8509,5.18153,0.214317,0.0764748,0.0885408,0.384245,0.270519
1,1477010467250000,15.1985,2.34779,-3.72809,-10.5009,10.84,5.44031,-0.151651,-10.6161,10.8609,5.18435,0.187679,0.0765748,0.0884548,0.384025,0.270679
0,1477010467300000,-10.4142,10.8747,,-10.2815,10.8186,5.2877,-0.277368,-10.3569,10.8697,5.18687,0.162776,0.0765723,0.0883943,0.383657,0.271136
1,1477010467350000,14.9701,2.29374,-2.90921,-10.0493,10.8596,4.77161,-0.116739,-10.0976,10.8772,5.1891,0.139618,0.076525,0.0883073,0.38373,0.271106
0,1477010467400000,-9.83445,11.1032,,-9.78508,10.9207,4.88057,-0.000995083,-9.83809,10.8837,5.19106,0.118212,0.0764843,0.0882328,0.383594,0.270882
1,1477010467450000,14.5278,2.34866,-3.34851,-9.58094,10.8785,4.80749,-0.169162,-9.57852,10.8891,5.19278,0.0985664,0.0764063,0.088144,0.383598,0.270876
0,1477010467500000,-9.3066,11.0348,,-9.30842,10.9188,4.92568,-0.0900902,-9.31887,10.8936,5.19428,0.0806865,0.0763299,0.0880615,0.383399,0.27071
1,1477010467550000,13.8648,2.29853,-3.20344,-9.08058,10.8842,4.83369,-0.199724,-9.05915,10.8972,5.19557,0.0645787,0.0762584,0.087974,0.383356,0.270697
0,1477010467600000,-8.78899,11.0707,,-8.79741,10.9319,4.98475,-0.0889947,-8.79937,10.9001,5.19667,0.050248,0.0761811,0.0878964,0.383086,0.270495
1,1477010467650000,13.3705,2.29307,-3.21572,-8.57883,10.8737,4.87789,-0.2667,-8.53953,10.9023,5.19759,0.0376992,0.0761244,0.0878168,0.382968,0.270568
0,1477010467700000,-8.62045,10.6577,,-8.45835,10.7726,4.4558,-0.53652,-8.27965,10.9039,5.19835,0.0269359,0.0764705,0.0879264,0.384034,0.271478
1,1477010467750000,13.646,2.18959,-2.98721,-8.22063,10.7735,4.42231,-0.504137,-8.01974,10.905,5.19896,0.0179617,0.0769241,0.0880358,0.385229,0.272216
0,1477010467800000,-7.51971,11.0005,,-7.80795,10.8674,5.00321,-0.194466,-7.75979,10.9057,5.19942,0.0107791,0.076877,0.087964,0.384942,0.272098
1,1477010467850000,12.8856,2.1693,-2.77937,-7.54544,10.8664,4.92831,-0.143002,-7.49981,10.9061,5.19975,0.00539029,0.076827,0.0878937,0.384747,0.271906
0,1477010467900000,-7.15631,10.815,,-7.2553,10.8661,5.05955,-0.116193,-7.23983,10.9063,5.19994,0.00179692,0.0767531,0.0878241,0.384413,0.271684
